link,language,words,kudos,comments,bookmarks,hits
https://archiveofourown.org/works/45308677,English,"4,255",392,122,25,5544
https://archiveofourown.org/works/46519282,English,"17,318",135,85,16,1808
https://archiveofourown.org/works/46616701,English,"1,626",21,10,3,244
https://archiveofourown.org/works/46616434,English,"6,948",53,5,6,335
https://archiveofourown.org/works/46616116,English,234,0,0,0,29
https://archiveofourown.org/works/46481659,English,"17,463",146,183,13,1573
https://archiveofourown.org/works/46608505,English,"2,489",49,17,2,549
https://archiveofourown.org/works/45793852,English,"105,297",140,242,23,2880
https://archiveofourown.org/works/46612807,English,"1,362",79,18,5,416
https://archiveofourown.org/works/46612975,English,"1,839",13,1,1,149
https://archiveofourown.org/works/46612264,English,"2,218",31,7,2,298
https://archiveofourown.org/works/46469533,English,"5,184",100,34,12,1033
https://archiveofourown.org/works/46093528,English,"26,220",238,131,31,3198
https://archiveofourown.org/works/46597123,English,"2,403",145,21,10,572
https://archiveofourown.org/works/46381468,English,"5,169",111,29,14,1271
https://archiveofourown.org/works/45773677,English,"29,774",371,419,45,5606
https://archiveofourown.org/works/46266553,English,"21,627",96,27,8,1133
https://archiveofourown.org/works/46128526,English,"11,201",87,22,7,1099
https://archiveofourown.org/works/46593232,English,"4,050",80,6,5,490
https://archiveofourown.org/works/46592665,English,988,59,3,1,284
https://archiveofourown.org/works/46568935,English,"2,759",15,4,1,312
https://archiveofourown.org/works/46589206,English,"5,240",97,9,8,558
https://archiveofourown.org/works/46203505,English,"5,087",52,11,7,710
https://archiveofourown.org/works/46587247,English,"1,281",7,1,0,114
https://archiveofourown.org/works/46588315,English,"2,254",38,3,2,209
https://archiveofourown.org/works/46313794,English,"9,854",61,62,5,619
https://archiveofourown.org/works/46183210,English,"10,107",54,21,3,869
https://archiveofourown.org/works/46229668,English,"10,559",232,42,24,2873
https://archiveofourown.org/works/46466170,Українська,"6,078",3,0,0,19
https://archiveofourown.org/works/45817276,English,"3,907",47,8,2,930
https://archiveofourown.org/works/46211653,English,"4,053",57,10,4,551
https://archiveofourown.org/works/46366897,English,"6,216",107,38,15,1306
https://archiveofourown.org/works/46575103,English,"1,383",59,3,1,342
https://archiveofourown.org/works/46280236,English,"12,963",447,189,50,4712
https://archiveofourown.org/works/45552637,English,"11,476",125,15,13,1758
https://archiveofourown.org/works/46570273,English,"2,793",68,1,3,517
https://archiveofourown.org/works/46568050,English,874,62,6,10,423
https://archiveofourown.org/works/46315813,English,"9,442",178,27,16,1879
https://archiveofourown.org/works/46563514,English,"1,520",75,19,2,666
https://archiveofourown.org/works/46562428,English,"3,219",21,2,1,193
https://archiveofourown.org/works/46516504,English,"3,207",27,6,3,272
https://archiveofourown.org/works/46560958,English,"2,792",103,5,8,840
https://archiveofourown.org/works/46232947,English,"9,396",112,38,23,810
https://archiveofourown.org/works/46557160,English,"5,708",95,13,10,692
https://archiveofourown.org/works/44782213,Українська,"4,204",2,2,0,43
https://archiveofourown.org/works/46546858,English,"3,881",36,8,3,279
https://archiveofourown.org/works/46545607,English,477,3,0,0,46
https://archiveofourown.org/works/46512439,English,"3,298",36,12,4,223
https://archiveofourown.org/works/46545298,English,"2,981",101,17,6,907
https://archiveofourown.org/works/46544185,English,727,9,3,0,63
https://archiveofourown.org/works/46225141,English,"11,147",161,60,21,1628
https://archiveofourown.org/works/46108750,English,"10,025",180,69,14,2420
https://archiveofourown.org/works/46533181,English,"1,670",69,16,6,550
https://archiveofourown.org/works/46036882,English,"40,616",334,389,42,7174
https://archiveofourown.org/works/45361381,English,"26,948",241,171,44,3622
https://archiveofourown.org/works/46374463,English,"2,975",30,10,3,269
https://archiveofourown.org/works/45196636,English,"16,559",174,38,27,4407
https://archiveofourown.org/works/46531756,English,"3,344",38,9,2,771
https://archiveofourown.org/works/46520635,English,"11,662",86,11,8,556
https://archiveofourown.org/works/45474022,English,"17,265",85,33,11,874
https://archiveofourown.org/works/46429513,English,"11,662",123,102,10,1355
https://archiveofourown.org/works/46514785,English,918,157,42,10,882
https://archiveofourown.org/works/46510540,English,"1,161",10,2,0,140
https://archiveofourown.org/works/46445644,English,"3,411",86,12,5,1253
https://archiveofourown.org/works/46367782,English,"9,370",139,7,15,2118
https://archiveofourown.org/works/46493629,English,"2,329",107,13,15,524
https://archiveofourown.org/works/46491514,English,"1,868",171,9,7,968
https://archiveofourown.org/works/46489912,English,837,29,4,3,240
https://archiveofourown.org/works/46490665,English,"5,539",153,32,22,835
https://archiveofourown.org/works/46315132,English,"8,735",38,18,3,444
https://archiveofourown.org/works/46085413,English,"15,989",127,104,13,1783
https://archiveofourown.org/works/46474255,English,"10,762",78,61,10,941
https://archiveofourown.org/works/46473562,English,"3,954",9,5,1,93
https://archiveofourown.org/works/46295881,English,"2,951",32,0,1,227
https://archiveofourown.org/works/44881048,English,"17,472",118,44,16,2007
https://archiveofourown.org/works/46031203,English,"11,407",90,36,11,1184
https://archiveofourown.org/works/46465093,English,547,77,4,3,542
https://archiveofourown.org/works/46339879,English,"2,359",70,10,4,1203
https://archiveofourown.org/works/46452142,English,"1,015",56,12,8,276
https://archiveofourown.org/works/46451566,English,"1,488",108,3,12,794
https://archiveofourown.org/works/45625834,English,"21,046",51,3,3,703
https://archiveofourown.org/works/46447390,English,"4,381",79,4,7,709
https://archiveofourown.org/works/46446364,English,"1,981",171,15,17,1039
https://archiveofourown.org/works/46266304,English,"8,093",84,24,8,1885
https://archiveofourown.org/works/46188124,English,"7,947",148,75,18,1144
https://archiveofourown.org/works/46431190,English,"5,386",35,7,1,266
https://archiveofourown.org/works/46433071,English,"1,814",7,1,0,308
https://archiveofourown.org/works/46432357,English,"2,873",134,10,7,1094
https://archiveofourown.org/works/46431946,English,"7,014",150,15,20,891
https://archiveofourown.org/works/46431418,English,"2,601",200,20,20,1045
https://archiveofourown.org/works/45992374,English,"8,451",66,36,8,404
https://archiveofourown.org/works/46424269,English,"2,677",59,13,5,379
https://archiveofourown.org/works/46422805,English,328,1,0,0,75
https://archiveofourown.org/works/46422130,English,356,1,0,0,31
https://archiveofourown.org/works/46421908,English,"3,394",204,28,25,1323
https://archiveofourown.org/works/45139474,English,"18,614",204,28,24,4098
https://archiveofourown.org/works/46410094,English,"5,337",119,43,9,1068
https://archiveofourown.org/works/45883108,English,"11,068",170,70,15,1798
https://archiveofourown.org/works/45289729,English,"9,647",522,91,79,5766
https://archiveofourown.org/works/46403539,English,"2,003",17,0,0,325
https://archiveofourown.org/works/46403062,English,"2,165",92,15,6,820
https://archiveofourown.org/works/46400428,English,"8,242",219,41,35,1434
https://archiveofourown.org/works/46401100,English,"1,240",46,4,2,316
https://archiveofourown.org/works/42711834,English,"1,138",114,12,11,3373
https://archiveofourown.org/works/46395415,English,"3,459",87,2,0,632
https://archiveofourown.org/works/46388950,English,747,13,2,2,81
https://archiveofourown.org/works/46360597,English,"2,155",73,8,8,847
https://archiveofourown.org/works/45416176,English,"57,507",329,486,52,7104
https://archiveofourown.org/works/44800979,English,"7,499",109,8,15,1649
https://archiveofourown.org/works/46018846,English,"26,140",475,239,67,6386
https://archiveofourown.org/works/46378699,English,627,33,5,1,263
https://archiveofourown.org/works/46375837,English,"3,188",7,2,0,89
https://archiveofourown.org/works/46370536,English,"1,969",83,14,6,586
https://archiveofourown.org/works/45638332,English,"3,115",72,7,5,1281
https://archiveofourown.org/works/46360966,English,"1,486",39,6,1,493
https://archiveofourown.org/works/46358539,English,"4,213",5,2,0,44
https://archiveofourown.org/works/46358098,English,"4,163",71,19,2,919
https://archiveofourown.org/works/46358089,English,"3,894",25,4,2,532
https://archiveofourown.org/works/45064558,English,"1,815",134,10,12,2898
https://archiveofourown.org/works/46353790,English,"3,669",97,8,5,523
https://archiveofourown.org/works/46351537,English,"1,605",173,3,10,1048
https://archiveofourown.org/works/46282243,English,"9,007",262,61,24,3025
https://archiveofourown.org/works/45307531,English,"22,481",152,36,27,2245
https://archiveofourown.org/works/46346389,English,"1,653",120,6,13,745
https://archiveofourown.org/works/46345342,English,"3,500",17,0,1,623
https://archiveofourown.org/works/46329682,English,"13,065",7,0,1,50
https://archiveofourown.org/works/46343647,English,"3,002",28,6,5,233
https://archiveofourown.org/works/46055770,English,"7,116",96,34,13,981
https://archiveofourown.org/works/46325347,English,"10,382",0,0,0,28
https://archiveofourown.org/works/46325395,English,"4,425",175,25,16,1050
https://archiveofourown.org/works/46324702,English,"1,752",78,4,4,797
https://archiveofourown.org/works/45505162,English,"10,008",75,21,13,959
https://archiveofourown.org/works/45928231,English,"18,881",249,122,31,4198
https://archiveofourown.org/works/45965344,English,"16,516",263,48,24,4047
https://archiveofourown.org/works/45474004,English,"54,634",286,188,39,4165
https://archiveofourown.org/works/46320637,English,"1,695",47,0,1,292
https://archiveofourown.org/works/46318897,English,"3,854",89,12,3,442
https://archiveofourown.org/works/46317319,English,"2,233",48,5,2,502
https://archiveofourown.org/works/46288870,English,"1,566",41,2,0,468
https://archiveofourown.org/works/46257373,English,"19,672",130,26,19,1004
https://archiveofourown.org/works/46066087,English,"3,107",137,8,12,1146
https://archiveofourown.org/works/46301008,English,"1,350",127,13,4,1015
https://archiveofourown.org/works/45639436,English,"9,223",71,30,8,2057
https://archiveofourown.org/works/46300423,English,"1,726",174,20,10,1205
https://archiveofourown.org/works/46286143,English,"2,091",280,36,30,1503
https://archiveofourown.org/works/46281751,English,"1,404",12,0,0,81
https://archiveofourown.org/works/46275070,English,"1,422",5,0,1,374
https://archiveofourown.org/works/46269961,English,"1,121",60,4,5,473
https://archiveofourown.org/works/46271611,English,"2,579",131,6,16,816
https://archiveofourown.org/works/46056190,English,"4,158",201,25,18,1224
https://archiveofourown.org/works/46266283,English,"1,091",19,3,0,460
https://archiveofourown.org/works/46263364,English,"2,955",116,4,9,776
https://archiveofourown.org/works/46263262,English,"7,230",139,32,8,951
https://archiveofourown.org/works/46262965,English,"1,627",119,4,6,898
https://archiveofourown.org/works/46258786,English,705,80,7,3,695
https://archiveofourown.org/works/46242589,English,"2,307",55,6,3,483
https://archiveofourown.org/works/46237879,English,"1,291",137,12,6,983
https://archiveofourown.org/works/46237612,English,"2,390",369,49,37,1815
https://archiveofourown.org/works/46235575,English,749,18,0,0,313
https://archiveofourown.org/works/46231348,English,"2,395",18,2,1,261
https://archiveofourown.org/works/46231606,English,"1,740",106,12,5,655
https://archiveofourown.org/works/45651097,English,"4,606",188,5,14,2313
https://archiveofourown.org/works/44968729,English,"26,228",526,259,57,13756
https://archiveofourown.org/works/46222927,English,"3,907",123,25,7,888
https://archiveofourown.org/works/46222702,English,650,70,5,2,574
https://archiveofourown.org/works/46219141,English,"2,198",87,14,8,791
https://archiveofourown.org/works/46163245,English,"3,193",253,50,7,2123
https://archiveofourown.org/works/46212685,English,"4,681",63,3,1,619
https://archiveofourown.org/works/44824219,English,"16,443",70,38,12,1199
https://archiveofourown.org/works/46207663,English,"4,472",204,10,21,1262
https://archiveofourown.org/works/46188061,English,"5,123",86,18,12,1691
https://archiveofourown.org/works/45994780,English,"3,302",95,31,8,640
https://archiveofourown.org/works/46199743,English,"1,783",118,7,6,686
https://archiveofourown.org/works/46199239,беларуская,546,4,0,0,20
https://archiveofourown.org/works/46198582,English,"1,601",150,24,6,1003
https://archiveofourown.org/works/46196092,English,"1,616",34,7,5,392
https://archiveofourown.org/works/45769018,English,"9,337",20,0,0,252
https://archiveofourown.org/works/45620473,English,"9,667",140,32,16,1790
https://archiveofourown.org/works/45608017,English,"9,577",486,170,54,4878
https://archiveofourown.org/works/46159789,English,"11,449",51,27,6,343
https://archiveofourown.org/works/46158823,English,840,61,8,2,331
https://archiveofourown.org/works/44911999,English,"84,512",869,480,172,17699
https://archiveofourown.org/works/46156387,English,"1,235",42,13,2,320
https://archiveofourown.org/works/46153141,English,"4,187",224,17,16,1058
https://archiveofourown.org/works/46012726,English,"1,636",39,2,1,433
https://archiveofourown.org/works/46151071,English,"2,024",69,8,2,546
https://archiveofourown.org/works/46148293,English,"2,617",176,4,11,820
https://archiveofourown.org/works/45740263,English,"24,327",96,47,18,1887
https://archiveofourown.org/works/46140007,English,899,161,21,7,844
https://archiveofourown.org/works/46134067,English,588,122,9,7,1131
https://archiveofourown.org/works/45631600,English,"13,679",299,70,33,3498
https://archiveofourown.org/works/46130890,English,966,49,5,0,544
https://archiveofourown.org/works/45877423,English,"4,073",119,20,9,2599
https://archiveofourown.org/works/46111810,English,"18,113",47,9,7,383
https://archiveofourown.org/works/46111621,English,"4,718",36,6,5,489
https://archiveofourown.org/works/45731221,English,"7,653",66,12,4,1365
https://archiveofourown.org/works/46105606,English,384,21,0,0,289
https://archiveofourown.org/works/45982120,English,"15,393",454,225,61,4502
https://archiveofourown.org/works/46103284,English,376,12,0,0,525
https://archiveofourown.org/works/46103200,English,"3,954",75,10,8,550
https://archiveofourown.org/works/46102378,English,"1,639",122,10,8,1361
https://archiveofourown.org/works/46102300,English,"2,037",185,23,20,1104
https://archiveofourown.org/works/46101865,English,"2,026",79,8,4,463
https://archiveofourown.org/works/46101235,English,"3,716",196,32,12,1559
https://archiveofourown.org/works/46106668,English,"12,719",133,20,20,1040
https://archiveofourown.org/works/46099825,English,968,268,22,28,1425
https://archiveofourown.org/works/46097911,English,"5,741",221,34,29,1433
https://archiveofourown.org/works/45906451,English,"9,812",159,44,14,2053
https://archiveofourown.org/works/46096594,English,"2,497",85,6,2,757
https://archiveofourown.org/works/45889246,English,"6,214",168,16,16,1777
https://archiveofourown.org/works/46090408,English,"2,241",278,61,25,1583
https://archiveofourown.org/works/46086682,English,"5,133",113,11,13,850
https://archiveofourown.org/works/44860075,English,"31,409",802,154,130,16042
https://archiveofourown.org/works/45707029,English,"6,353",168,17,12,2210
https://archiveofourown.org/works/46080382,English,937,130,8,9,962
https://archiveofourown.org/works/46077595,Español,"2,300",5,0,0,65
https://archiveofourown.org/works/46014055,English,"3,418",49,4,7,464
https://archiveofourown.org/works/46077070,English,790,30,5,1,171
https://archiveofourown.org/works/46076818,Українська,"1,889",14,5,0,58
https://archiveofourown.org/works/46071751,English,"3,936",39,3,3,212
https://archiveofourown.org/works/46070332,English,"3,300",257,16,24,1425
https://archiveofourown.org/works/46070098,English,"1,417",49,1,2,1136
https://archiveofourown.org/works/46067698,English,983,148,4,5,1427
https://archiveofourown.org/works/46067422,English,"2,720",40,19,2,280
https://archiveofourown.org/works/46066129,English,"1,846",49,5,3,330
https://archiveofourown.org/works/46063084,English,"9,586",316,47,54,2099
https://archiveofourown.org/works/46057189,English,"3,229",84,6,5,626
https://archiveofourown.org/works/46051189,English,"1,506",15,0,1,325
https://archiveofourown.org/works/46048303,English,"1,486",48,4,2,630
https://archiveofourown.org/works/46047928,English,"4,552",100,22,16,491
https://archiveofourown.org/works/45359485,English,"20,676",389,100,42,7331
https://archiveofourown.org/works/45726304,English,"19,578",236,46,24,3500
https://archiveofourown.org/works/45916255,Français,"23,601",1,0,0,33
https://archiveofourown.org/works/46042186,English,"2,971",170,35,15,794
https://archiveofourown.org/works/46040101,English,"1,976",49,0,3,486
https://archiveofourown.org/works/45992107,English,"8,214",214,14,18,1408
https://archiveofourown.org/works/46037554,English,"10,801",160,35,16,1036
https://archiveofourown.org/works/46035781,English,"3,776",207,13,18,1296
https://archiveofourown.org/works/45601189,English,"17,470",38,9,8,910
https://archiveofourown.org/works/46034785,English,"3,111",21,3,2,279
https://archiveofourown.org/works/45610120,English,"4,080",501,57,57,2881
https://archiveofourown.org/works/46034062,English,"1,841",131,9,8,1290
https://archiveofourown.org/works/45631399,English,"5,614",210,45,26,1983
https://archiveofourown.org/works/46032967,English,"1,659",81,6,6,925
https://archiveofourown.org/works/46026142,English,723,73,2,2,788
https://archiveofourown.org/works/46025392,English,945,41,2,0,880
https://archiveofourown.org/works/46021558,English,"3,353",18,5,3,210
https://archiveofourown.org/works/46015855,English,"10,266",92,0,6,914
https://archiveofourown.org/works/46015894,English,"1,389",114,8,10,744
https://archiveofourown.org/works/46014679,English,"1,610",37,5,2,266
https://archiveofourown.org/works/46011940,English,"2,859",90,10,5,672
https://archiveofourown.org/works/46011172,English,"6,803",132,13,17,2317
https://archiveofourown.org/works/45179152,English,"60,153",967,551,119,25963
https://archiveofourown.org/works/46004761,English,"1,224",73,8,5,732
https://archiveofourown.org/works/46004182,English,"3,121",207,22,24,1200
https://archiveofourown.org/works/45673180,English,"25,801",159,74,29,2125
https://archiveofourown.org/works/46001686,English,"3,660",111,30,6,1342
https://archiveofourown.org/works/46000972,English,"1,477",9,9,0,234
https://archiveofourown.org/works/46000672,English,"1,328",8,4,1,143
https://archiveofourown.org/works/46015144,English,"2,546",55,3,3,638
https://archiveofourown.org/works/45995317,English,912,2,0,0,27
https://archiveofourown.org/works/45990073,English,598,53,6,3,409
https://archiveofourown.org/works/45987448,English,419,23,0,0,276
https://archiveofourown.org/works/45986320,English,"2,658",172,5,12,1271
https://archiveofourown.org/works/45985753,English,"1,349",62,3,4,561
https://archiveofourown.org/works/45985786,English,840,60,1,3,498
https://archiveofourown.org/works/45984541,English,773,40,3,0,486
https://archiveofourown.org/works/45982501,English,458,50,0,0,551
https://archiveofourown.org/works/45981832,English,"1,051",60,10,2,458
https://archiveofourown.org/works/45977116,English,"1,231",9,2,1,167
https://archiveofourown.org/works/45976288,English,"1,379",348,16,26,2080
https://archiveofourown.org/works/45972253,English,"7,831",145,47,21,1066
https://archiveofourown.org/works/45973294,English,"2,526",140,9,9,923
https://archiveofourown.org/works/45969571,English,"2,204",159,12,12,915
https://archiveofourown.org/works/45967765,English,"1,172",131,5,9,875
https://archiveofourown.org/works/45967603,English,"5,351",143,8,8,1079
https://archiveofourown.org/works/45176500,English,"26,758",232,108,33,5684
https://archiveofourown.org/works/45943195,English,200,61,4,3,529
https://archiveofourown.org/works/45806023,English,"5,202",58,8,5,809
https://archiveofourown.org/works/45959839,English,"1,237",25,0,1,454
https://archiveofourown.org/works/45959410,English,725,13,10,1,96
https://archiveofourown.org/works/45959260,English,"15,096",188,43,37,1386
https://archiveofourown.org/works/45958765,English,"1,440",98,4,5,643
https://archiveofourown.org/works/45958507,English,"1,909",87,2,4,1031
https://archiveofourown.org/works/45956908,English,"1,126",118,4,3,661
https://archiveofourown.org/works/45956830,English,"1,128",28,2,0,810
https://archiveofourown.org/works/45956380,English,"1,251",62,4,2,541
https://archiveofourown.org/works/45898684,English,"4,526",135,18,10,1498
https://archiveofourown.org/works/45955846,English,"3,415",51,4,2,1049
https://archiveofourown.org/works/45270820,English,"1,746",59,7,7,833
https://archiveofourown.org/works/45954985,English,"1,375",205,37,13,1284
https://archiveofourown.org/works/45953536,English,"1,788",284,22,39,1268
https://archiveofourown.org/works/45949939,English,"1,761",105,19,11,1046
https://archiveofourown.org/works/45949594,English,"4,144",202,12,19,1200
https://archiveofourown.org/works/45949207,English,"1,233",95,12,9,516
https://archiveofourown.org/works/45949255,English,"1,482",136,6,7,903
https://archiveofourown.org/works/45948973,English,"5,676",166,28,16,1110
https://archiveofourown.org/works/45948691,English,"2,897",117,8,9,562
https://archiveofourown.org/works/45299590,English,"8,947",52,12,4,467
https://archiveofourown.org/works/45946945,English,800,71,6,1,474
https://archiveofourown.org/works/45946711,English,500,30,9,2,281
https://archiveofourown.org/works/45946471,English,395,42,0,3,414
https://archiveofourown.org/works/45944800,English,"2,839",70,3,4,758
https://archiveofourown.org/works/45941917,English,"3,710",47,6,3,680
https://archiveofourown.org/works/45939247,English,"1,355",139,28,14,579
https://archiveofourown.org/works/45938020,English,"1,113",126,12,6,1101
https://archiveofourown.org/works/45931798,English,"2,399",354,37,39,1805
https://archiveofourown.org/works/45679222,English,"7,500",110,14,9,1550
https://archiveofourown.org/works/45926998,English,"1,213",61,4,1,435
https://archiveofourown.org/works/45926257,English,"2,095",48,5,2,434
https://archiveofourown.org/works/45088573,English,"15,215",236,25,33,5972
https://archiveofourown.org/works/45575005,English,"9,770",165,49,14,1724
https://archiveofourown.org/works/45923554,English,845,146,26,12,981
https://archiveofourown.org/works/45923083,English,937,70,4,1,545
https://archiveofourown.org/works/45922597,English,"2,051",172,20,10,1153
https://archiveofourown.org/works/45921664,English,"4,361",33,0,2,228
https://archiveofourown.org/works/45919786,English,"7,499",136,18,10,1023
https://archiveofourown.org/works/45781543,English,"3,718",30,3,3,256
https://archiveofourown.org/works/45917170,English,"1,255",49,11,3,334
https://archiveofourown.org/works/45917161,English,"2,408",75,4,5,561
https://archiveofourown.org/works/45915469,English,607,104,5,4,886
https://archiveofourown.org/works/45913645,English,"1,937",165,5,14,1551
https://archiveofourown.org/works/45913267,English,474,106,5,3,546
https://archiveofourown.org/works/45912622,English,672,122,10,3,812
https://archiveofourown.org/works/45912517,English,"2,935",85,4,3,910
https://archiveofourown.org/works/45902416,English,"3,128",76,7,5,812
https://archiveofourown.org/works/45908167,English,"4,314",61,6,6,904
https://archiveofourown.org/works/45907522,English,"1,268",81,8,3,589
https://archiveofourown.org/works/45907612,English,"1,411",263,23,29,1282
https://archiveofourown.org/works/45906832,English,692,93,12,7,487
https://archiveofourown.org/works/45906346,English,"1,649",69,4,3,611
https://archiveofourown.org/works/45904690,English,"1,973",114,3,7,688
https://archiveofourown.org/works/45903577,English,"2,942",156,26,12,742
https://archiveofourown.org/works/45901207,English,"1,408",141,21,9,797
https://archiveofourown.org/works/45900238,English,"1,277",138,15,9,1110
https://archiveofourown.org/works/45900211,English,"2,420",59,4,2,578
https://archiveofourown.org/works/45898153,English,"1,327",52,2,2,468
https://archiveofourown.org/works/45898195,English,517,110,16,6,741
https://archiveofourown.org/works/45862360,English,"4,223",55,17,6,591
https://archiveofourown.org/works/45665989,English,"4,749",29,4,5,289
https://archiveofourown.org/works/45892129,English,"2,200",128,23,9,590
https://archiveofourown.org/works/45890218,English,"2,158",57,3,8,403
https://archiveofourown.org/works/45889840,English,"1,278",172,14,13,1278
https://archiveofourown.org/works/45874990,English,"8,795",164,9,13,1183
https://archiveofourown.org/works/45888514,English,562,158,6,9,1154
https://archiveofourown.org/works/45887671,English,"1,457",156,18,8,859
https://archiveofourown.org/works/45906250,English,727,67,7,3,432
https://archiveofourown.org/works/45886432,English,"1,455",108,4,5,791
https://archiveofourown.org/works/45885187,English,"1,236",360,30,37,1974
https://archiveofourown.org/works/45885139,English,611,45,0,1,724
https://archiveofourown.org/works/45883669,English,"2,512",111,14,9,624
https://archiveofourown.org/works/45880315,English,"1,143",51,12,1,458
https://archiveofourown.org/works/45874843,English,"1,633",167,5,11,1082
https://archiveofourown.org/works/45491884,English,"5,832",134,13,13,1370
https://archiveofourown.org/works/45868420,English,"1,268",53,5,8,407
https://archiveofourown.org/works/45859756,English,"2,663",189,41,15,1638
https://archiveofourown.org/works/45667579,English,"9,431",177,11,18,2281
https://archiveofourown.org/works/45846748,English,"1,003",128,14,11,878
https://archiveofourown.org/works/45844012,English,"3,187",59,14,10,537
https://archiveofourown.org/works/45797791,English,"12,789",155,18,15,1608
https://archiveofourown.org/works/45525949,English,"12,005",307,51,36,3283
https://archiveofourown.org/works/45858562,English,"3,421",108,5,2,1071
https://archiveofourown.org/works/45825607,English,"1,812",235,14,26,1454
https://archiveofourown.org/works/45228928,English,"4,841",96,18,8,4206
https://archiveofourown.org/works/45430072,English,"18,137",43,29,4,971
https://archiveofourown.org/works/45822442,English,945,60,10,4,382
https://archiveofourown.org/works/45820903,English,"1,025",14,3,0,126
https://archiveofourown.org/works/45820789,English,"1,855",60,5,2,509
https://archiveofourown.org/works/45820549,English,727,125,10,9,573
https://archiveofourown.org/works/44318566,English,"9,163",81,24,16,1855
https://archiveofourown.org/works/45818764,English,"10,670",147,11,27,943
https://archiveofourown.org/works/45815488,English,"1,612",143,3,10,876
https://archiveofourown.org/works/45815194,English,"1,766",10,0,1,164
https://archiveofourown.org/works/45796330,English,981,30,6,1,219
https://archiveofourown.org/works/45795295,English,"2,726",21,2,0,270
https://archiveofourown.org/works/45792256,English,"7,111",372,34,41,2723
https://archiveofourown.org/works/44781088,English,"14,207",224,46,27,2931
https://archiveofourown.org/works/45104020,English,"11,928",313,57,37,7647
https://archiveofourown.org/works/45778651,English,"2,431",53,8,5,651
https://archiveofourown.org/works/45774862,English,"2,457",89,6,6,1616
https://archiveofourown.org/works/45771862,English,"1,451",16,9,0,218
https://archiveofourown.org/works/45749431,English,"1,910",35,3,5,438
https://archiveofourown.org/works/45768427,English,587,38,2,0,870
https://archiveofourown.org/works/45768025,English,693,25,0,1,312
https://archiveofourown.org/works/45545299,English,"2,031",60,3,1,1331
https://archiveofourown.org/works/45758899,English,"2,506",10,1,2,173
https://archiveofourown.org/works/45755005,English,"2,458",270,9,22,1831
https://archiveofourown.org/works/45748252,English,"1,768",217,26,15,1444
https://archiveofourown.org/works/45747007,English,"1,496",89,5,4,1182
https://archiveofourown.org/works/44842891,English,"27,737",481,277,53,8391
https://archiveofourown.org/works/45733642,English,609,20,0,1,371
https://archiveofourown.org/works/45729940,English,"3,523",170,4,15,1582
https://archiveofourown.org/works/45728536,English,"2,262",41,7,5,247
https://archiveofourown.org/works/45726136,English,"1,737",60,3,5,923
https://archiveofourown.org/works/45412678,English,"3,604",130,12,10,1538
https://archiveofourown.org/works/45714139,English,"3,840",140,7,10,1726
https://archiveofourown.org/works/45604426,English,"8,676",154,24,24,3287
https://archiveofourown.org/works/45711232,English,"1,902",109,15,7,1105
https://archiveofourown.org/works/45708334,English,"2,849",155,29,9,985
https://archiveofourown.org/works/45707410,English,"3,933",220,20,19,1417
https://archiveofourown.org/works/45703774,English,"2,539",44,5,7,322
https://archiveofourown.org/works/45703534,English,"4,051",351,46,42,1868
https://archiveofourown.org/works/45697195,English,954,169,16,7,1462
https://archiveofourown.org/works/45695437,English,"3,341",82,9,4,699
https://archiveofourown.org/works/45695704,Português brasileiro,"3,144",7,1,0,76
https://archiveofourown.org/works/45692461,English,"3,593",248,44,37,1424
https://archiveofourown.org/works/45688066,Français,"11,555",9,0,0,99
https://archiveofourown.org/works/45684694,English,"3,333",229,20,20,1865
https://archiveofourown.org/works/45509125,English,"15,619",316,57,44,4885
https://archiveofourown.org/works/45683302,English,"2,916",138,13,18,1794
https://archiveofourown.org/works/45679093,English,"2,931",182,19,15,1421
https://archiveofourown.org/works/45309310,English,"24,765",723,188,109,11856
https://archiveofourown.org/works/45675760,English,"6,213",315,21,35,1962
https://archiveofourown.org/works/45674977,English,"4,485",106,11,15,2161
https://archiveofourown.org/works/45381133,English,"2,363",54,7,2,782
https://archiveofourown.org/works/45665002,English,"2,996",364,64,42,2012
https://archiveofourown.org/works/45664660,English,"6,813",220,35,28,1490
https://archiveofourown.org/works/45413728,English,"8,168",41,38,10,509
https://archiveofourown.org/works/45660022,English,"3,418",280,26,32,2123
https://archiveofourown.org/works/45193921,English,"40,206",673,190,93,14262
https://archiveofourown.org/works/45648898,English,"1,359",119,4,7,1105
https://archiveofourown.org/works/45645367,English,"2,152",17,2,3,128
https://archiveofourown.org/works/45232369,English,"3,950",95,1,3,1282
https://archiveofourown.org/works/45632575,English,"1,730",8,2,0,46
https://archiveofourown.org/works/27141959,English,"33,279",201,90,29,4994
https://archiveofourown.org/works/45630778,English,"4,160",305,20,27,1805
https://archiveofourown.org/works/45626272,English,"1,530",62,6,6,407
https://archiveofourown.org/works/45624808,English,"1,589",390,12,29,1953
https://archiveofourown.org/works/45624178,English,782,54,1,2,479
https://archiveofourown.org/works/45618709,English,"4,719",184,29,29,964
https://archiveofourown.org/works/45613867,English,"1,370",166,14,13,2535
https://archiveofourown.org/works/45607801,English,"4,085",230,16,26,2709
https://archiveofourown.org/works/45606988,English,"2,839",177,9,11,1317
https://archiveofourown.org/works/45600478,English,911,61,0,4,856
https://archiveofourown.org/works/45594226,English,"1,422",105,6,9,830
https://archiveofourown.org/works/45590311,English,"1,315",167,16,12,1348
https://archiveofourown.org/works/45262813,English,"14,017",473,85,52,5765
https://archiveofourown.org/works/45588253,English,"1,283",373,32,32,1821
https://archiveofourown.org/works/45586645,English,"2,065",74,20,12,829
https://archiveofourown.org/works/45168628,English,"12,595",320,123,46,5034
https://archiveofourown.org/works/45579649,English,"1,871",156,9,8,1736
https://archiveofourown.org/works/45577135,English,"2,412",179,20,15,1499
https://archiveofourown.org/works/45577765,English,465,39,3,1,610
https://archiveofourown.org/works/45574216,English,"15,804",53,6,11,1154
https://archiveofourown.org/works/45575893,English,531,152,6,9,1245
https://archiveofourown.org/works/45575416,English,"1,253",288,18,23,1372
https://archiveofourown.org/works/45575278,English,308,55,4,2,519
https://archiveofourown.org/works/44845486,English,"6,053",537,17,65,6286
https://archiveofourown.org/works/45568291,English,721,108,17,8,666
https://archiveofourown.org/works/45567121,English,"2,685",25,4,3,170
https://archiveofourown.org/works/45107590,English,"4,215",99,23,24,1091
https://archiveofourown.org/works/45565012,English,14,4,2,0,184
https://archiveofourown.org/works/45562273,English,"2,508",197,36,25,1522
https://archiveofourown.org/works/45556723,English,"1,725",89,7,6,882
https://archiveofourown.org/works/45556270,English,"4,337",101,22,4,660
https://archiveofourown.org/works/45553405,English,"1,496",55,2,6,519
https://archiveofourown.org/works/45376639,English,"15,832",54,19,5,1367
https://archiveofourown.org/works/45017971,English,"4,030",91,9,6,1981
https://archiveofourown.org/works/45426244,English,"4,008",299,16,22,2934
https://archiveofourown.org/works/44825602,English,"3,040",245,30,21,2516
https://archiveofourown.org/works/45537277,English,"1,178",413,25,41,2422
https://archiveofourown.org/works/45441367,English,"13,460",161,18,28,2500
https://archiveofourown.org/works/45528430,English,"3,172",66,2,6,521
https://archiveofourown.org/works/45236776,English,"8,292",286,31,39,5155
https://archiveofourown.org/works/45526300,English,"3,284",85,19,10,758
https://archiveofourown.org/works/45525943,English,"2,595",20,0,2,314
https://archiveofourown.org/works/45519622,English,"2,181",49,0,3,562
https://archiveofourown.org/works/45525202,English,"2,464",208,23,28,998
https://archiveofourown.org/works/45525127,English,"1,300",26,3,3,337
https://archiveofourown.org/works/45523807,English,"4,090",200,5,19,1586
https://archiveofourown.org/works/45521722,English,"2,403",27,1,4,420
https://archiveofourown.org/works/45517816,English,"2,432",122,11,6,1011
https://archiveofourown.org/works/45517432,English,"2,140",84,4,7,999
https://archiveofourown.org/works/45516481,English,"2,590",29,5,2,875
https://archiveofourown.org/works/45351325,English,"1,596",23,1,1,620
https://archiveofourown.org/works/45512512,English,"1,157",375,22,43,2051
https://archiveofourown.org/works/45512335,English,783,21,0,4,109
https://archiveofourown.org/works/45511150,Русский,"2,192",8,2,0,32
https://archiveofourown.org/works/45507604,English,"4,040",352,19,39,2280
https://archiveofourown.org/works/45363172,English,"4,817",227,56,17,2615
https://archiveofourown.org/works/45505093,English,261,20,0,0,147
https://archiveofourown.org/works/45504967,English,430,30,0,2,219
https://archiveofourown.org/works/45504391,English,"1,491",22,2,1,175
https://archiveofourown.org/works/45504439,English,"1,252",82,2,12,1869
https://archiveofourown.org/works/45499567,English,"1,204",131,14,16,1382
https://archiveofourown.org/works/45495526,Українська,532,7,0,0,32
https://archiveofourown.org/works/45477271,English,"4,417",154,10,16,1750
https://archiveofourown.org/works/45267952,English,"5,471",30,4,3,916
https://archiveofourown.org/works/45486436,English,"1,001",389,30,34,2105
https://archiveofourown.org/works/45431953,English,"8,273",132,23,16,3219
https://archiveofourown.org/works/45475927,English,"2,088",158,7,13,1448
https://archiveofourown.org/works/45473536,English,348,17,0,1,181
https://archiveofourown.org/works/45472867,English,"10,648",189,34,24,1669
https://archiveofourown.org/works/45450130,English,"11,192",276,54,50,2548
https://archiveofourown.org/works/45446524,English,"4,696",104,7,4,1325
https://archiveofourown.org/works/45463279,English,"1,085",215,44,18,1293
https://archiveofourown.org/works/45461035,English,"2,998",43,0,6,658
https://archiveofourown.org/works/45438514,English,"4,691",260,53,20,2444
https://archiveofourown.org/works/45460267,English,269,15,0,3,416
https://archiveofourown.org/works/45457660,English,"1,825",154,3,10,1099
https://archiveofourown.org/works/45457342,English,"3,870",236,30,20,1560
https://archiveofourown.org/works/45447781,English,"4,486",214,19,23,2324
https://archiveofourown.org/works/45453571,English,"1,661",107,4,5,861
https://archiveofourown.org/works/45452593,English,"4,049",131,22,15,1181
https://archiveofourown.org/works/45452533,Português brasileiro,"6,387",6,3,0,401
https://archiveofourown.org/works/45443701,English,"3,244",17,0,1,122
https://archiveofourown.org/works/45436432,English,"4,373",16,0,2,400
https://archiveofourown.org/works/45429529,English,"2,970",44,10,1,670
https://archiveofourown.org/works/45428755,English,"4,121",245,37,25,1147
https://archiveofourown.org/works/45427066,English,"2,489",27,8,5,235
https://archiveofourown.org/works/45422758,English,"2,994",117,20,11,1071
https://archiveofourown.org/works/44740321,English,"11,580",25,9,9,803
https://archiveofourown.org/works/45417862,English,"1,062",51,10,11,502
https://archiveofourown.org/works/45416998,English,"10,581",148,14,19,1279
https://archiveofourown.org/works/45412558,English,"6,293",176,10,16,1398
https://archiveofourown.org/works/45409504,English,33,1,2,0,137
https://archiveofourown.org/works/45406873,English,"1,624",117,11,9,956
https://archiveofourown.org/works/45234034,English,"7,515",152,38,26,1520
https://archiveofourown.org/works/45403954,English,701,62,6,3,456
https://archiveofourown.org/works/44929498,English,"1,789",413,42,51,2841
https://archiveofourown.org/works/45364228,English,"2,443",135,11,4,2939
https://archiveofourown.org/works/45399484,English,"2,421",306,8,31,1925
https://archiveofourown.org/works/45397642,English,"2,159",161,14,18,1429
https://archiveofourown.org/works/45391930,English,857,93,1,7,1229
https://archiveofourown.org/works/45389224,English,"1,080",238,8,21,1987
https://archiveofourown.org/works/45384805,English,430,23,0,2,658
https://archiveofourown.org/works/45381625,English,"4,954",106,14,8,620
https://archiveofourown.org/works/45380464,English,"2,047",133,8,16,966
https://archiveofourown.org/works/45377092,English,"1,820",342,34,41,1930
https://archiveofourown.org/works/45377212,English,"16,030",623,51,152,4975
https://archiveofourown.org/works/45369550,English,"1,702",265,7,16,1937
https://archiveofourown.org/works/45367795,English,"4,821",470,21,54,3470
https://archiveofourown.org/works/45365311,English,"8,374",96,32,8,1538
https://archiveofourown.org/works/45365149,English,"1,420",152,14,19,661
https://archiveofourown.org/works/44715160,English,687,6,4,0,866
https://archiveofourown.org/works/45361912,English,"2,944",63,4,8,457
https://archiveofourown.org/works/45361849,English,"2,626",110,6,8,944
https://archiveofourown.org/works/45129991,English,"6,044",89,12,13,1396
https://archiveofourown.org/works/45360286,English,"1,159",27,11,4,227
https://archiveofourown.org/works/45356665,English,723,95,3,3,1962
https://archiveofourown.org/works/45352075,English,"5,002",144,19,23,930
https://archiveofourown.org/works/44966590,English,"10,905",47,4,8,1653
https://archiveofourown.org/works/44966692,Français,"11,192",8,0,0,133
https://archiveofourown.org/works/45342163,Français,"6,499",1,4,0,42
https://archiveofourown.org/works/45023200,English,"5,396",600,116,55,5596
https://archiveofourown.org/works/45336703,English,839,145,8,7,2334
https://archiveofourown.org/works/45336499,English,"1,086",22,6,3,166
https://archiveofourown.org/works/44791513,English,"6,451",280,14,35,4154
https://archiveofourown.org/works/45330871,English,"1,249",114,2,8,1001
https://archiveofourown.org/works/45329644,English,"2,593",762,73,112,4220
https://archiveofourown.org/works/45324013,English,"2,710",344,38,34,2255
https://archiveofourown.org/works/45232993,English,"3,866",41,12,5,1045
https://archiveofourown.org/works/45318481,English,497,22,2,2,526
https://archiveofourown.org/works/45317137,English,"1,752",67,3,2,1378
https://archiveofourown.org/works/44951869,Русский,"5,501",19,0,0,109
https://archiveofourown.org/works/45313963,English,"2,338",269,26,34,1420
https://archiveofourown.org/works/45312091,English,"1,463",144,13,14,979
https://archiveofourown.org/works/45094600,English,"6,882",102,20,19,1570
https://archiveofourown.org/works/36746896,English,"7,005",176,9,19,2920
https://archiveofourown.org/works/45269485,English,944,132,12,14,1132
https://archiveofourown.org/works/45268174,English,"2,957",265,18,29,2007
https://archiveofourown.org/works/45261127,English,"2,009",418,34,39,2396
https://archiveofourown.org/works/45261043,English,"2,379",338,8,36,1958
https://archiveofourown.org/works/45260854,English,"2,044",178,6,27,1740
https://archiveofourown.org/works/45259045,English,"8,518",32,9,3,455
https://archiveofourown.org/works/45257080,English,"1,341",211,4,25,1624
https://archiveofourown.org/works/45256444,English,"2,754",42,2,8,228
https://archiveofourown.org/works/45253828,English,"4,133",47,3,5,954
https://archiveofourown.org/works/45247666,English,"2,570",319,16,24,3067
https://archiveofourown.org/works/45257482,English,"2,268",53,3,4,575
https://archiveofourown.org/works/45238795,English,"3,980",470,35,61,3423
https://archiveofourown.org/works/45230689,English,"3,068",278,25,28,1474
https://archiveofourown.org/works/45214441,English,"3,757",308,22,35,2497
https://archiveofourown.org/works/45213178,English,"1,164",164,2,12,1494
https://archiveofourown.org/works/45205687,English,571,78,2,4,821
https://archiveofourown.org/works/45075301,English,"3,477",394,26,30,3990
https://archiveofourown.org/works/45196405,Українська,"1,103",16,4,1,75
https://archiveofourown.org/works/45195922,English,"2,725",112,2,11,1470
https://archiveofourown.org/works/45194491,English,"3,667",281,11,26,2537
https://archiveofourown.org/works/45189955,English,"1,546",253,24,35,1585
https://archiveofourown.org/works/45189685,English,35,3,1,1,483
https://archiveofourown.org/works/45134431,English,"3,966",111,14,28,1629
https://archiveofourown.org/works/44893840,English,"2,810",671,78,69,4964
https://archiveofourown.org/works/45187933,English,"4,752",307,10,25,2530
https://archiveofourown.org/works/45187543,English,843,128,10,10,1044
https://archiveofourown.org/works/45059713,English,"3,992",154,19,15,2663
https://archiveofourown.org/works/44822773,English,"4,877",992,80,159,6467
https://archiveofourown.org/works/45178339,English,848,131,3,11,1067
https://archiveofourown.org/works/45172798,English,940,294,16,30,1986
https://archiveofourown.org/works/45167602,English,358,76,0,7,714
https://archiveofourown.org/works/45099169,English,"2,949",112,8,16,1853
https://archiveofourown.org/works/44793367,English,"26,943",1229,222,189,22556
https://archiveofourown.org/works/44887732,English,"7,448",292,26,40,3766
https://archiveofourown.org/works/45152440,English,"1,461",34,4,2,273
https://archiveofourown.org/works/45145945,English,"2,240",550,36,60,3579
https://archiveofourown.org/works/45143329,English,"1,829",73,8,7,662
https://archiveofourown.org/works/44791187,English,"1,532",90,2,9,1921
https://archiveofourown.org/works/45141655,English,"3,696",222,27,30,1916
https://archiveofourown.org/works/45141313,English,"1,563",278,5,24,2193
https://archiveofourown.org/works/45141007,English,"1,134",26,2,3,127
https://archiveofourown.org/works/45134308,English,"1,769",85,6,5,576
https://archiveofourown.org/works/45130819,English,"2,699",129,4,15,1687
https://archiveofourown.org/works/45099358,English,"3,187",46,1,3,405
https://archiveofourown.org/works/45122929,English,"1,044",132,6,13,1010
https://archiveofourown.org/works/45119134,English,469,62,0,4,758
https://archiveofourown.org/works/45111025,English,"1,029",184,1,21,2100
https://archiveofourown.org/works/45108844,English,"4,035",236,21,27,1786
https://archiveofourown.org/works/45103351,Français,"5,504",10,4,0,142
https://archiveofourown.org/works/45092443,English,"2,430",175,6,25,1826
https://archiveofourown.org/works/45084097,English,"3,334",278,5,21,2631
https://archiveofourown.org/works/45082042,English,"2,026",109,2,12,1422
https://archiveofourown.org/works/45075145,English,"1,003",294,28,31,2577
https://archiveofourown.org/works/45074830,English,"1,606",162,8,6,1486
https://archiveofourown.org/works/45070252,English,"2,747",15,3,2,307
https://archiveofourown.org/works/45067912,English,"2,154",276,20,29,1853
https://archiveofourown.org/works/45067477,English,"2,648",473,60,57,2919
https://archiveofourown.org/works/45062014,English,"2,292",42,10,4,581
https://archiveofourown.org/works/45058564,English,"1,934",121,14,16,800
https://archiveofourown.org/works/45057832,English,"1,681",11,0,1,223
https://archiveofourown.org/works/45056863,English,"3,571",260,20,35,1961
https://archiveofourown.org/works/45056881,English,"2,016",145,16,9,1288
https://archiveofourown.org/works/45055786,English,"2,226",46,0,3,589
https://archiveofourown.org/works/45054850,English,"1,669",433,22,53,3285
https://archiveofourown.org/works/45028201,English,"1,072",356,25,34,2764
https://archiveofourown.org/works/45024322,English,"5,383",191,9,15,1679
https://archiveofourown.org/works/45023794,English,"1,401",323,20,25,2404
https://archiveofourown.org/works/45013423,English,"4,114",879,59,124,5814
https://archiveofourown.org/works/44985814,English,"19,631",519,42,84,5408
https://archiveofourown.org/works/45010582,English,"2,110",314,17,28,2202
https://archiveofourown.org/works/45010003,English,"4,110",136,23,8,757
https://archiveofourown.org/works/45008902,English,657,37,2,3,396
https://archiveofourown.org/works/45008725,English,"1,163",187,1,12,1922
https://archiveofourown.org/works/45006874,English,"2,100",222,3,24,1848
https://archiveofourown.org/works/44982742,English,"2,330",93,5,3,873
https://archiveofourown.org/works/44994568,English,"3,399",389,29,39,2716
https://archiveofourown.org/works/44991853,English,"3,576",68,15,16,665
https://archiveofourown.org/works/44987773,English,"5,487",535,46,97,4246
https://archiveofourown.org/works/44984257,English,"1,106",241,12,20,2609
https://archiveofourown.org/works/44981119,English,"1,959",144,3,5,1114
https://archiveofourown.org/works/44947030,English,"7,242",280,20,43,2291
https://archiveofourown.org/works/44029230,English,"2,122",12,0,0,208
https://archiveofourown.org/works/44938747,English,689,117,0,10,1049
https://archiveofourown.org/works/44930671,English,"1,204",101,7,10,673
https://archiveofourown.org/works/44930326,English,"1,583",142,5,12,1314
https://archiveofourown.org/works/44928739,English,"2,096",123,0,3,1794
https://archiveofourown.org/works/44894392,English,"2,329",86,4,14,1128
https://archiveofourown.org/works/44835193,English,"6,071",288,20,29,4520
https://archiveofourown.org/works/44918935,English,"2,395",179,33,21,778
https://archiveofourown.org/works/44850883,English,"3,676",116,16,11,1291
https://archiveofourown.org/works/44908540,English,"1,978",166,8,17,1498
https://archiveofourown.org/works/44907829,English,"1,707",319,16,41,2197
https://archiveofourown.org/works/44904502,English,"2,263",100,4,4,1003
https://archiveofourown.org/works/44893177,English,"3,204",267,5,19,3051
https://archiveofourown.org/works/44887462,English,"1,442",242,23,24,1673
https://archiveofourown.org/works/44871055,English,"2,715",181,20,9,1389
https://archiveofourown.org/works/44870632,English,"1,198",580,43,61,4386
https://archiveofourown.org/works/44867332,English,"1,737",20,4,3,227
https://archiveofourown.org/works/44864599,English,785,219,4,9,2152
https://archiveofourown.org/works/44864107,English,"1,868",71,4,6,656
https://archiveofourown.org/works/44860363,English,"2,027",229,18,22,2273
https://archiveofourown.org/works/44843365,English,150,11,2,1,161
https://archiveofourown.org/works/44840008,English,"1,134",249,6,20,2505
https://archiveofourown.org/works/44835571,English,"1,070",296,32,36,2328
https://archiveofourown.org/works/44830444,English,"1,910",187,9,27,2394
https://archiveofourown.org/works/44826466,English,"1,165",136,4,16,4499
https://archiveofourown.org/works/44824879,English,"2,872",1080,79,130,6959
https://archiveofourown.org/works/44820778,English,"2,680",126,4,12,1406
https://archiveofourown.org/works/44815111,English,"1,692",66,4,6,660
https://archiveofourown.org/works/44811289,English,"1,597",205,2,6,2054
https://archiveofourown.org/works/44807597,Українська,567,37,8,0,236
https://archiveofourown.org/works/44803706,English,"2,335",557,33,70,4381
https://archiveofourown.org/works/44727682,English,"4,602",552,54,45,4941
https://archiveofourown.org/works/44795155,English,"2,258",151,4,17,1556
https://archiveofourown.org/works/44794078,English,783,85,13,3,516
https://archiveofourown.org/works/44793961,English,"1,066",132,7,6,1866
https://archiveofourown.org/works/44793301,English,"7,961",589,58,115,4898
https://archiveofourown.org/works/44782837,English,"4,039",248,14,36,1930
https://archiveofourown.org/works/44774395,Українська,"4,073",11,2,1,82
https://archiveofourown.org/works/44766430,English,"2,888",600,35,102,6263
https://archiveofourown.org/works/44763229,English,"1,782",81,8,7,3600
https://archiveofourown.org/works/44744098,English,"1,294",381,25,45,3561
https://archiveofourown.org/works/44584582,English,"4,118",18,11,2,125
https://archiveofourown.org/works/44740261,English,630,272,24,17,2738
https://archiveofourown.org/works/44740120,English,"2,931",215,28,9,1197
https://archiveofourown.org/works/44738323,English,870,58,1,8,731
https://archiveofourown.org/works/44727628,English,"1,546",246,20,24,2872
https://archiveofourown.org/works/44718403,English,946,154,9,11,1946
https://archiveofourown.org/works/44575585,English,"2,484",35,2,3,301
https://archiveofourown.org/works/44688010,Українська,"4,364",6,2,0,67
https://archiveofourown.org/works/44674834,English,"2,279",234,30,14,1405
https://archiveofourown.org/works/44666578,English,"1,381",13,2,1,123
https://archiveofourown.org/works/44659045,English,731,117,6,9,1905
https://archiveofourown.org/works/44651269,English,687,38,3,0,2399
https://archiveofourown.org/works/44646250,English,"6,632",128,17,16,3445
https://archiveofourown.org/works/44627746,Bahasa Indonesia,729,8,0,0,144
https://archiveofourown.org/works/44624332,English,"1,357",90,15,11,452
https://archiveofourown.org/works/44622988,English,"2,981",182,25,12,1120
https://archiveofourown.org/works/44618932,English,"2,265",54,7,3,3372
https://archiveofourown.org/works/44618332,English,"5,956",61,3,9,1200
https://archiveofourown.org/works/44578201,English,676,163,11,8,1174
https://archiveofourown.org/works/44525851,English,295,18,5,1,460
https://archiveofourown.org/works/44525836,English,498,18,3,2,313
https://archiveofourown.org/works/44524861,English,"8,501",31,6,3,1123
https://archiveofourown.org/works/44523286,English,"11,861",80,6,7,1426
https://archiveofourown.org/works/44280367,English,"2,854",112,8,7,2148
https://archiveofourown.org/works/44352631,English,"1,874",126,5,12,1568
https://archiveofourown.org/works/44331544,English,"3,078",133,12,13,3224
https://archiveofourown.org/works/44314234,English,"2,069",104,4,7,704
https://archiveofourown.org/works/44257306,English,315,19,6,3,495
https://archiveofourown.org/works/44235967,English,"3,193",143,4,17,1974
https://archiveofourown.org/works/44228203,English,"2,472",274,25,18,2704
https://archiveofourown.org/works/26794225,English,"204,959",364,336,47,11663
https://archiveofourown.org/works/44168686,English,407,52,10,1,968
https://archiveofourown.org/works/44163121,English,"2,307",51,4,6,668
https://archiveofourown.org/works/44088697,English,"1,118",43,1,4,482
https://archiveofourown.org/works/44085211,English,"1,109",28,10,5,428
https://archiveofourown.org/works/44083390,English,"4,052",278,7,36,3086
https://archiveofourown.org/works/44044239,Русский,"1,025",4,0,0,25
https://archiveofourown.org/works/44043678,Русский,"2,004",12,0,0,96
https://archiveofourown.org/works/43850620,English,"1,316",56,24,7,478
https://archiveofourown.org/works/43829439,English,"6,121",49,6,0,473
https://archiveofourown.org/works/43594182,English,"1,439",99,4,13,625
https://archiveofourown.org/works/43814592,English,"2,280",172,15,16,1712
https://archiveofourown.org/works/43723593,English,"1,527",157,5,8,2306
https://archiveofourown.org/works/43480503,Русский,839,1,0,0,41
https://archiveofourown.org/works/43479342,Русский,"3,091",1,0,0,35
https://archiveofourown.org/works/43461150,English,"2,625",117,10,7,2657
https://archiveofourown.org/works/43244620,English,646,15,2,4,260
https://archiveofourown.org/works/43150861,English,989,26,1,0,187
https://archiveofourown.org/works/43100862,עברית,"2,196",3,3,0,38
https://archiveofourown.org/works/42703587,English,"6,430",69,24,12,753
https://archiveofourown.org/works/43057926,English,"2,255",165,17,9,1604
https://archiveofourown.org/works/24482638,English,"9,173",177,65,13,3957
https://archiveofourown.org/works/43017366,English,"3,342",77,4,7,656
https://archiveofourown.org/works/42929571,English,"2,468",105,9,4,2682
https://archiveofourown.org/works/24595771,English,"9,640",406,44,57,4824
https://archiveofourown.org/works/42817701,English,"1,380",131,6,8,2838
https://archiveofourown.org/works/42353388,English,"6,224",266,16,36,2775
https://archiveofourown.org/works/41708841,English,500,13,5,0,102
https://archiveofourown.org/works/41436312,English,681,14,2,1,2403
https://archiveofourown.org/works/41406354,English,"9,143",188,10,23,2164
https://archiveofourown.org/works/41406843,English,"1,120",144,6,15,921
https://archiveofourown.org/works/41403960,English,"2,459",60,6,5,418
https://archiveofourown.org/works/41403606,English,"2,722",63,10,16,519
https://archiveofourown.org/works/40837761,English,"5,117",118,19,20,1321
https://archiveofourown.org/works/41378439,English,"1,172",15,2,3,206
https://archiveofourown.org/works/41327292,English,884,24,3,1,334
https://archiveofourown.org/works/41181165,English,"1,189",95,0,9,2469
https://archiveofourown.org/works/41150538,English,385,53,8,2,556
https://archiveofourown.org/works/41150403,English,263,124,6,5,1340
https://archiveofourown.org/works/40822290,English,"1,273",81,4,5,1186
https://archiveofourown.org/works/40758879,English,"1,958",49,8,7,452
https://archiveofourown.org/works/31749520,English,"69,116",622,265,74,19277
https://archiveofourown.org/works/38985141,Русский,"1,868",3,0,0,40
https://archiveofourown.org/works/38726418,English,"3,263",63,9,9,602
https://archiveofourown.org/works/38693130,English,"2,542",48,8,11,249
https://archiveofourown.org/works/38456155,Русский,494,18,0,1,287
https://archiveofourown.org/works/38456047,Русский,726,9,0,0,154
https://archiveofourown.org/works/38455981,Русский,477,6,0,0,38
https://archiveofourown.org/works/16444880,English,"10,221",28,32,2,348
https://archiveofourown.org/works/38353732,English,"3,433",93,6,10,888
https://archiveofourown.org/works/37809556,English,"20,348",422,128,79,4591
https://archiveofourown.org/works/38108749,English,"1,165",31,14,2,334
https://archiveofourown.org/works/37767757,English,"1,242",42,5,2,405
https://archiveofourown.org/works/37663726,English,642,48,11,5,449
https://archiveofourown.org/works/37641985,English,"3,514",495,33,44,3866
https://archiveofourown.org/works/37499755,English,"1,886",88,4,3,1854
https://archiveofourown.org/works/37543237,English,"1,941",101,11,13,1215
https://archiveofourown.org/works/37488253,English,"1,582",160,11,7,1562
https://archiveofourown.org/works/37460626,English,936,32,0,0,1123
https://archiveofourown.org/works/37157191,English,"4,499",116,17,16,1146
https://archiveofourown.org/works/35959795,English,"3,623",259,15,19,2239
https://archiveofourown.org/works/35957389,English,669,64,2,5,517
https://archiveofourown.org/works/35957182,English,"3,429",84,5,8,678
https://archiveofourown.org/works/35952211,English,"4,153",45,3,2,529
https://archiveofourown.org/works/35934856,English,"2,093",90,16,15,591
https://archiveofourown.org/works/35947474,English,"1,831",107,4,7,840
https://archiveofourown.org/works/35714974,English,265,14,3,1,107
https://archiveofourown.org/works/18391685,English,"3,491",82,17,4,1584
https://archiveofourown.org/works/35593156,English,482,131,2,10,1492
https://archiveofourown.org/works/35589040,English,602,5,0,0,34
https://archiveofourown.org/works/33510064,English,"7,605",66,1,2,1199
https://archiveofourown.org/works/34934545,Deutsch,"1,341",5,1,0,175
https://archiveofourown.org/works/34238950,English,"3,065",76,9,11,2617
https://archiveofourown.org/works/34548994,English,"2,985",191,12,20,2243
https://archiveofourown.org/works/34284907,English,"2,620",168,18,19,1222
https://archiveofourown.org/works/34030168,English,"2,305",69,1,5,1336
https://archiveofourown.org/works/33604453,English,"2,499",90,11,13,568
https://archiveofourown.org/works/33603901,English,"2,468",57,4,9,620
https://archiveofourown.org/works/33603517,English,"1,321",23,3,2,244
https://archiveofourown.org/works/33603397,English,"3,683",23,2,4,420
https://archiveofourown.org/works/33602119,English,"3,529",16,6,0,215
https://archiveofourown.org/works/33597295,English,"4,535",123,8,9,1660
https://archiveofourown.org/works/33399550,Русский,"1,285",5,0,0,107
https://archiveofourown.org/works/33167092,English,235,28,2,1,566
https://archiveofourown.org/works/33166024,English,618,33,4,1,645
https://archiveofourown.org/works/33162718,English,424,28,7,2,517
https://archiveofourown.org/works/33048874,English,"2,505",22,0,0,181
https://archiveofourown.org/works/25476073,English,"6,787",100,25,9,765
https://archiveofourown.org/works/31005203,English,"38,119",17,28,6,578
https://archiveofourown.org/works/30357936,English,"6,375",48,8,3,3792
https://archiveofourown.org/works/32434663,English,"3,834",136,29,8,945
https://archiveofourown.org/works/19267762,English,"14,310",33,60,4,920
https://archiveofourown.org/works/23134495,English,"26,057",28,35,3,370
https://archiveofourown.org/works/31241390,English,323,52,4,4,743
https://archiveofourown.org/works/30412464,English,698,69,12,4,1753
https://archiveofourown.org/works/30162747,English,"3,295",288,28,23,2647
https://archiveofourown.org/works/29639628,English,937,184,10,10,1411
https://archiveofourown.org/works/28748706,English,"53,122",17,5,4,473
https://archiveofourown.org/works/27585835,English,"7,741",41,13,3,610
https://archiveofourown.org/works/29158182,English,"3,935",203,22,20,2276
https://archiveofourown.org/works/29022459,English,"1,992",33,11,2,369
https://archiveofourown.org/works/28896489,English,"1,071",34,4,1,713
https://archiveofourown.org/works/28701117,English,"2,191",34,21,1,273
https://archiveofourown.org/works/28570842,English,"1,457",133,6,10,1629
https://archiveofourown.org/works/28441131,English,"1,351",95,4,2,1602
https://archiveofourown.org/works/28339671,English,"8,341",143,4,5,2838
https://archiveofourown.org/works/28326390,English,"2,632",100,4,2,1027
https://archiveofourown.org/works/28328451,English,"1,831",14,4,1,200
https://archiveofourown.org/works/28318425,English,832,86,8,6,806
https://archiveofourown.org/works/28072506,English,"8,422",49,28,10,449
https://archiveofourown.org/works/28310859,English,"1,470",23,4,0,156
https://archiveofourown.org/works/28301892,English,"6,560",7,4,1,67
https://archiveofourown.org/works/28300128,English,"2,168",95,9,9,780
https://archiveofourown.org/works/28299708,English,"1,664",30,1,0,341
https://archiveofourown.org/works/28120584,English,828,34,2,3,268
https://archiveofourown.org/works/24743593,English,"56,765",230,96,39,4775
https://archiveofourown.org/works/28030506,English,686,35,2,0,512
https://archiveofourown.org/works/27178588,English,"7,007",114,21,5,2590
https://archiveofourown.org/works/27827257,English,"3,301",131,24,10,1042
https://archiveofourown.org/works/27720083,English,"3,897",192,37,10,1930
https://archiveofourown.org/works/27720470,English,478,48,0,1,764
https://archiveofourown.org/works/27642815,English,548,124,5,9,711
https://archiveofourown.org/works/27604234,English,"2,648",31,12,2,500
https://archiveofourown.org/works/27570118,English,"3,884",160,4,18,4154
https://archiveofourown.org/works/27237379,English,"2,797",249,6,24,4793
https://archiveofourown.org/works/27204560,English,"3,031",213,6,20,4477
https://archiveofourown.org/works/27189397,English,736,182,7,8,2256
https://archiveofourown.org/works/21984409,English,"52,217",613,294,117,8239
https://archiveofourown.org/works/19988008,English,"27,734",232,191,27,4263
https://archiveofourown.org/works/27064024,English,"3,227",78,10,10,495
https://archiveofourown.org/works/27034102,English,"1,641",264,10,15,2630
https://archiveofourown.org/works/26924479,English,"1,437",20,11,0,313
https://archiveofourown.org/works/20861537,English,"10,274",169,8,22,3643
https://archiveofourown.org/works/26786782,English,"3,370",158,16,19,1518
https://archiveofourown.org/works/26625391,English,"3,672",88,7,7,746
https://archiveofourown.org/works/26548330,English,530,23,2,2,255
https://archiveofourown.org/works/26029258,English,"9,192",17,2,2,390
https://archiveofourown.org/works/26232238,English,"3,658",74,13,1,3727
https://archiveofourown.org/works/26274640,English,"1,483",15,2,0,235
https://archiveofourown.org/works/26124490,English,280,26,3,1,193
https://archiveofourown.org/works/25932946,English,"1,958",289,25,32,2750
https://archiveofourown.org/works/25937359,English,"2,397",260,20,20,1932
https://archiveofourown.org/works/25935415,English,"1,066",81,8,6,870
https://archiveofourown.org/works/25926367,English,"1,156",249,23,23,2845
https://archiveofourown.org/works/25933117,English,"1,760",203,10,23,1742
https://archiveofourown.org/works/25932928,English,"3,298",475,29,64,3200
https://archiveofourown.org/works/25885444,English,"5,042",80,17,6,1095
https://archiveofourown.org/works/19175875,English,"65,621",109,39,20,1717
https://archiveofourown.org/works/24622858,English,"17,158",86,37,10,1616
https://archiveofourown.org/works/25723498,English,"1,600",39,2,3,568
https://archiveofourown.org/works/25713040,English,735,23,6,1,258
https://archiveofourown.org/works/24109855,English,"37,577",172,111,35,3306
https://archiveofourown.org/works/25332982,Русский,617,14,2,0,125
https://archiveofourown.org/works/25245310,Русский,419,1,1,0,23
https://archiveofourown.org/works/25245262,Русский,589,1,0,0,28
https://archiveofourown.org/works/25227376,Русский,539,1,0,0,53
https://archiveofourown.org/works/25193095,English,"1,640",181,5,15,4255
https://archiveofourown.org/works/22324132,English,"2,411",303,29,20,4341
https://archiveofourown.org/works/24737563,English,"13,523",24,2,3,355
https://archiveofourown.org/works/24849106,English,240,31,7,2,279
https://archiveofourown.org/works/24772948,English,"1,061",16,4,1,125
https://archiveofourown.org/works/23761342,English,"53,097",495,111,86,8486
https://archiveofourown.org/works/24644989,English,"4,074",71,10,11,840
https://archiveofourown.org/works/24573928,English,"6,369",55,15,6,455
https://archiveofourown.org/works/24522589,English,878,23,9,0,159
https://archiveofourown.org/works/24517390,English,396,74,9,3,1033
https://archiveofourown.org/works/24489085,English,481,20,5,0,200
https://archiveofourown.org/works/24437158,English,"7,497",26,10,1,401
https://archiveofourown.org/works/24390499,English,"1,128",112,4,8,1294
https://archiveofourown.org/works/24305455,English,"1,343",28,6,3,415
https://archiveofourown.org/works/24256678,English,"1,988",129,24,9,1098
https://archiveofourown.org/works/24187276,English,"1,242",326,24,40,3389
https://archiveofourown.org/works/24170476,English,"1,095",144,15,9,1172
https://archiveofourown.org/works/24163342,English,841,47,3,3,753
https://archiveofourown.org/works/23606863,English,"1,022",23,3,2,139
https://archiveofourown.org/works/23603995,English,"1,942",72,11,3,495
https://archiveofourown.org/works/23582608,English,"1,623",29,8,3,225
https://archiveofourown.org/works/23411062,English,"2,931",194,19,14,2587
https://archiveofourown.org/works/23349382,English,"5,585",56,18,7,379
https://archiveofourown.org/works/23323174,English,"2,100",102,3,5,1176
https://archiveofourown.org/works/23286004,English,"5,799",25,9,4,142
https://archiveofourown.org/works/23073532,English,"1,631",28,12,2,344
https://archiveofourown.org/works/23202952,English,993,21,11,0,226
https://archiveofourown.org/works/23129728,English,"10,158",47,21,7,532
https://archiveofourown.org/works/23019259,English,"2,065",10,0,1,82
https://archiveofourown.org/works/20301736,English,"3,870",55,4,4,1548
https://archiveofourown.org/works/22852282,English,"1,050",190,10,11,1791
https://archiveofourown.org/works/22852168,English,493,93,4,7,1312
https://archiveofourown.org/works/22391218,English,"7,991",107,14,9,1838
https://archiveofourown.org/works/22741834,English,"2,935",87,7,5,1243
https://archiveofourown.org/works/22516711,English,466,50,1,3,987
https://archiveofourown.org/works/22425019,English,"2,664",210,6,14,3744
https://archiveofourown.org/works/22289536,English,"1,342",89,0,4,927
https://archiveofourown.org/works/21887239,English,"4,002",17,8,3,174
https://archiveofourown.org/works/22232230,English,"1,235",42,14,0,414
https://archiveofourown.org/works/22169317,English,774,45,2,1,482
https://archiveofourown.org/works/22041079,English,"1,352",274,18,29,2548
https://archiveofourown.org/works/20204818,English,"2,321",86,12,4,678
https://archiveofourown.org/works/21949393,English,"3,145",107,4,9,1083
https://archiveofourown.org/works/21962311,English,"1,254",37,3,4,779
https://archiveofourown.org/works/21956920,English,"2,163",149,16,11,1240
https://archiveofourown.org/works/21939082,English,"2,272",34,13,2,377
https://archiveofourown.org/works/21907027,English,"6,742",379,44,47,3339
https://archiveofourown.org/works/21953947,English,627,54,3,3,548
https://archiveofourown.org/works/21953470,English,647,85,11,5,1059
https://archiveofourown.org/works/21944887,English,776,68,9,1,746
https://archiveofourown.org/works/21659164,English,"1,212",79,6,5,1294
https://archiveofourown.org/works/21585967,English,485,19,3,0,159
https://archiveofourown.org/works/21470785,English,"5,269",54,3,5,1480
https://archiveofourown.org/works/20869007,English,"9,971",19,7,0,168
https://archiveofourown.org/works/21403063,English,629,50,1,3,588
https://archiveofourown.org/works/21262232,English,"6,542",15,6,1,653
https://archiveofourown.org/works/21058028,English,"8,067",481,31,67,8172
https://archiveofourown.org/works/20915507,English,783,13,1,2,160
https://archiveofourown.org/works/20907440,English,664,23,0,2,422
https://archiveofourown.org/works/20907296,English,267,11,0,2,153
https://archiveofourown.org/works/20894279,English,"1,135",255,12,19,2805
https://archiveofourown.org/works/20478287,English,"5,302",67,5,2,4404
https://archiveofourown.org/works/20187292,English,"15,363",227,62,52,1663
https://archiveofourown.org/works/20517794,English,"7,591",270,35,32,3707
https://archiveofourown.org/works/20495744,English,"1,486",25,5,0,312
https://archiveofourown.org/works/17526290,English,"10,270",122,4,12,3609
https://archiveofourown.org/works/18703816,English,"9,994",150,37,14,2256
https://archiveofourown.org/works/20288608,English,"9,595",708,60,100,6409
https://archiveofourown.org/works/19340686,English,"13,847",114,25,17,2255
https://archiveofourown.org/works/17534789,English,"11,736",22,2,1,727
https://archiveofourown.org/works/18993673,English,"1,998",103,9,6,940
https://archiveofourown.org/works/18992584,English,"3,986",15,0,2,331
https://archiveofourown.org/works/18992062,English,711,39,2,1,378
https://archiveofourown.org/works/17315441,English,"20,469",201,127,29,3881
https://archiveofourown.org/works/18376742,English,"3,236",121,10,11,1190
https://archiveofourown.org/works/18352004,English,"2,085",169,9,7,3520
https://archiveofourown.org/works/18280280,English,"3,308",212,28,12,1967
https://archiveofourown.org/works/18222716,English,"1,708",25,6,2,193
https://archiveofourown.org/works/18222464,English,741,50,3,3,519
https://archiveofourown.org/works/18222374,English,"1,966",194,12,18,1315
https://archiveofourown.org/works/18134861,English,"2,068",205,16,12,1760
https://archiveofourown.org/works/17314721,English,"9,280",113,27,11,1100
https://archiveofourown.org/works/17615168,English,541,115,3,4,2313
https://archiveofourown.org/works/17419553,English,"2,118",180,14,9,1405
https://archiveofourown.org/works/17081909,English,879,90,10,11,734
https://archiveofourown.org/works/17076665,English,"2,169",24,10,2,675
https://archiveofourown.org/works/17060711,English,"1,964",32,6,1,1517
https://archiveofourown.org/works/16953246,English,"1,140",11,5,3,107
https://archiveofourown.org/works/17003190,English,"2,533",70,3,4,1195
https://archiveofourown.org/works/16998597,English,"6,406",116,9,15,1665
https://archiveofourown.org/works/16603055,English,"5,362",52,6,2,996
https://archiveofourown.org/works/16511738,English,"3,091",187,22,17,1453
https://archiveofourown.org/works/16382582,English,680,24,2,1,394
https://archiveofourown.org/works/16422308,English,"1,934",10,1,2,494
https://archiveofourown.org/works/15523572,English,"30,727",107,42,6,4200
https://archiveofourown.org/works/16365344,English,"1,409",8,2,2,93
https://archiveofourown.org/works/16274480,Русский,"4,197",5,0,0,58
https://archiveofourown.org/works/16240595,English,"2,225",107,5,7,1697
https://archiveofourown.org/works/16177334,Русский,883,9,1,0,68
https://archiveofourown.org/works/16067852,English,"2,246",46,0,5,337
https://archiveofourown.org/works/15991676,English,"1,439",174,9,8,2170
https://archiveofourown.org/works/15990740,English,"3,275",51,3,2,370
https://archiveofourown.org/works/15867801,English,"3,035",119,1,8,1437
https://archiveofourown.org/works/15685410,English,"1,982",97,13,12,608
https://archiveofourown.org/works/15630885,English,"1,715",73,8,8,449
https://archiveofourown.org/works/15561858,English,"2,282",158,17,3,1834
https://archiveofourown.org/works/15400686,English,"10,761",77,10,8,1525
https://archiveofourown.org/works/15402921,English,575,265,8,18,4626
https://archiveofourown.org/works/15392799,English,"1,730",207,19,34,1175
https://archiveofourown.org/works/15324873,English,"1,117",106,20,9,676
https://archiveofourown.org/works/15323526,English,"1,754",15,0,2,1638
https://archiveofourown.org/works/15305190,English,"2,434",163,11,7,2734
https://archiveofourown.org/works/15261393,English,"1,313",16,4,0,306
https://archiveofourown.org/works/15261348,English,"2,316",14,8,0,460
https://archiveofourown.org/works/15261306,English,"1,809",42,10,1,626
https://archiveofourown.org/works/15261222,English,691,9,7,0,206
https://archiveofourown.org/works/15261186,English,846,18,0,0,344
https://archiveofourown.org/works/15261075,English,"1,797",21,2,1,588
https://archiveofourown.org/works/15240549,English,"13,109",103,4,18,1425
https://archiveofourown.org/works/15241164,English,"3,437",87,8,4,1690
https://archiveofourown.org/works/15241080,English,"1,215",67,4,3,1592
https://archiveofourown.org/works/15088985,English,"2,801",71,9,4,537
https://archiveofourown.org/works/14973011,English,"1,163",43,12,5,677
https://archiveofourown.org/works/14894105,English,"1,407",182,6,9,2960
https://archiveofourown.org/works/14888337,English,"8,806",9,3,1,636
https://archiveofourown.org/works/14846627,English,"3,605",201,13,21,1524
https://archiveofourown.org/works/14802308,English,"10,762",286,18,28,2389
https://archiveofourown.org/works/14729288,English,"2,355",229,17,21,1490
https://archiveofourown.org/works/46211047,English,"6,356",0,0,0,46
https://archiveofourown.org/works/33837037,English,772,70,0,2,630
https://archiveofourown.org/works/14418399,English,"1,306",121,4,3,1982
https://archiveofourown.org/works/14192739,English,"3,397",11,4,0,209
https://archiveofourown.org/works/14213979,English,"1,238",109,5,8,897
https://archiveofourown.org/works/14162991,English,"1,606",6,2,1,259
https://archiveofourown.org/works/13833576,English,"1,866",40,6,1,516
https://archiveofourown.org/works/13807095,English,"2,011",182,14,6,3615
https://archiveofourown.org/works/13439295,English,"21,120",156,16,8,1807
https://archiveofourown.org/works/13689675,English,"6,937",330,10,34,3238
https://archiveofourown.org/works/13488987,English,"2,038",72,7,7,726
https://archiveofourown.org/works/13427568,English,941,215,13,10,2352
https://archiveofourown.org/works/13384536,English,"1,699",227,12,14,2449
https://archiveofourown.org/works/13318089,English,"47,839",77,7,13,1763
https://archiveofourown.org/works/13250715,English,"2,138",178,7,17,2373
https://archiveofourown.org/works/46210537,English,"6,174",4,0,0,119
https://archiveofourown.org/works/13028247,English,"9,723",195,18,12,2586
https://archiveofourown.org/works/5754256,English,"25,721",131,44,11,2768
https://archiveofourown.org/works/12472404,English,"15,003",246,49,24,2975
https://archiveofourown.org/works/12406815,English,"35,146",145,23,19,2514
https://archiveofourown.org/works/12170793,English,"4,894",312,32,44,3977
https://archiveofourown.org/works/12182262,English,714,22,6,0,294
https://archiveofourown.org/works/12093402,English,"1,043",67,9,7,628
https://archiveofourown.org/works/11900835,English,"4,234",109,15,19,1200
https://archiveofourown.org/works/11878443,English,682,78,11,4,768
https://archiveofourown.org/works/11875134,English,"5,034",42,12,2,536
https://archiveofourown.org/works/11817630,English,"10,194",62,16,9,726
https://archiveofourown.org/works/8661736,English,"7,609",19,2,2,251
https://archiveofourown.org/works/11682549,English,"1,368",52,4,4,674
https://archiveofourown.org/works/11682078,English,"4,027",141,8,7,1737
https://archiveofourown.org/works/11286780,English,617,15,2,1,191
https://archiveofourown.org/works/8568871,English,"10,336",240,29,19,3540
https://archiveofourown.org/works/11008230,English,"3,184",103,14,5,1287
https://archiveofourown.org/works/10999392,English,"14,400",42,14,2,923
https://archiveofourown.org/works/10990965,English,"1,789",49,9,2,927
https://archiveofourown.org/works/10928415,English,"4,201",67,16,7,831
https://archiveofourown.org/works/10892523,English,"2,741",315,14,19,4095
https://archiveofourown.org/works/10708392,English,"1,246",124,6,5,1786
https://archiveofourown.org/works/9896033,English,"4,003",135,7,8,2000
https://archiveofourown.org/works/8964634,English,"2,801",19,3,0,254
https://archiveofourown.org/works/9548522,English,474,167,3,8,3683
https://archiveofourown.org/works/9490682,English,"1,490",4,0,0,142
https://archiveofourown.org/works/9062950,English,623,125,9,4,1556
https://archiveofourown.org/works/9057463,English,"2,978",4,0,0,120
https://archiveofourown.org/works/8786551,English,"1,991",403,17,22,4383
https://archiveofourown.org/works/8783401,English,902,50,6,6,495
https://archiveofourown.org/works/8739550,English,"1,101",224,8,18,2493
https://archiveofourown.org/works/8731648,English,"3,463",23,2,1,497
https://archiveofourown.org/works/8666605,English,607,46,2,3,939
https://archiveofourown.org/works/8667433,English,183,71,4,5,797
https://archiveofourown.org/works/8666857,English,218,40,4,2,476
https://archiveofourown.org/works/8625964,English,"1,934",44,4,1,452
https://archiveofourown.org/works/8607451,English,515,140,11,6,2117
https://archiveofourown.org/works/8456017,English,"15,585",105,20,24,1317
https://archiveofourown.org/works/8315419,English,905,15,5,0,224
https://archiveofourown.org/works/7804423,English,617,223,6,7,3292
https://archiveofourown.org/works/7669252,English,927,146,3,3,2579
https://archiveofourown.org/works/7584124,English,699,16,1,1,355
https://archiveofourown.org/works/7574554,English,"1,950",20,1,1,358
https://archiveofourown.org/works/7568299,English,"3,576",80,6,5,1179
https://archiveofourown.org/works/7567216,English,"9,796",34,10,1,449
https://archiveofourown.org/works/7334200,English,890,17,2,0,336
https://archiveofourown.org/works/34292530,English,"1,843",96,1,11,1712
https://archiveofourown.org/works/6172984,English,"21,695",121,56,10,2974
https://archiveofourown.org/works/6743134,English,"1,262",5,0,0,286
https://archiveofourown.org/works/6556612,English,"2,303",179,3,10,4026
https://archiveofourown.org/works/3841069,English,"4,114",314,20,13,5036
https://archiveofourown.org/works/5861695,English,"1,824",66,7,5,1454
https://archiveofourown.org/works/5754424,English,"1,405",148,5,9,3024
https://archiveofourown.org/works/5754394,English,"3,314",82,5,5,1910
https://archiveofourown.org/works/5726503,Bahasa Indonesia,"1,073",4,0,0,235
https://archiveofourown.org/works/5036569,English,"11,485",81,24,4,1596
https://archiveofourown.org/works/5590174,English,"1,674",99,2,5,1588
https://archiveofourown.org/works/4833506,English,"2,391",403,20,39,3561
https://archiveofourown.org/works/4774295,Bahasa Indonesia,"2,887",5,1,0,168
https://archiveofourown.org/works/4483883,Русский,558,5,0,0,100
https://archiveofourown.org/works/4248678,English,"6,739",68,11,7,809
https://archiveofourown.org/works/4243329,English,"3,082",58,13,3,1020
https://archiveofourown.org/works/4182219,English,"1,991",52,5,2,623
https://archiveofourown.org/works/4182480,English,473,57,2,2,720
https://archiveofourown.org/works/3846424,English,"3,307",306,17,36,2830
https://archiveofourown.org/works/3709479,English,"4,570",18,1,0,300
https://archiveofourown.org/works/2282274,English,"10,026",20,6,2,486
https://archiveofourown.org/works/1267453,English,"7,561",67,4,5,1249
https://archiveofourown.org/works/1169828,English,"1,102",109,9,5,1663
https://archiveofourown.org/works/1084801,English,462,182,13,12,3660
https://archiveofourown.org/works/45743218,English,"5,238",105,29,8,964
https://archiveofourown.org/works/46450045,English,"9,559",188,73,14,"1,965"
https://archiveofourown.org/works/46609009,English,"2,663",18,3,0,310
https://archiveofourown.org/works/46227607,English,"9,564",179,50,16,"1,856"
https://archiveofourown.org/works/46606960,English,"1,703",59,8,0,552
https://archiveofourown.org/works/46234456,English,"12,705",77,46,11,976
https://archiveofourown.org/works/44688367,English,"84,952",639,293,87,"13,058"
https://archiveofourown.org/works/46464568,English,"3,891",38,4,9,455
https://archiveofourown.org/works/46586020,English,"1,005",12,4,2,107
https://archiveofourown.org/works/46466728,English,"16,868",15,16,1,176
https://archiveofourown.org/works/46585030,English,534,13,2,0,250
https://archiveofourown.org/works/46544200,English,"1,978",32,10,5,196
https://archiveofourown.org/works/46552432,English,"2,756",62,29,6,223
https://archiveofourown.org/works/46552339,English,"2,126",45,22,9,194
https://archiveofourown.org/works/46548598,English,920,6,2,1,45
https://archiveofourown.org/works/46514437,English,"2,870",87,15,3,479
https://archiveofourown.org/works/46408204,English,"6,785",174,38,11,"1,406"
https://archiveofourown.org/works/46235371,English,"1,693",51,8,2,287
https://archiveofourown.org/works/42140697,English,"3,314",33,0,5,"1,087"
https://archiveofourown.org/works/46461532,English,"1,802",41,3,3,412
https://archiveofourown.org/works/46458169,English,"1,715",107,10,8,816
https://archiveofourown.org/works/46454686,English,"3,508",171,48,10,950
https://archiveofourown.org/works/46421422,English,"3,263",50,3,7,350
https://archiveofourown.org/works/46218217,English,"14,793",5,8,1,135
https://archiveofourown.org/works/46415074,English,"2,586",37,9,1,386
https://archiveofourown.org/works/46369297,English,"11,182",50,19,3,586
https://archiveofourown.org/works/46201771,English,"15,823",92,73,11,"1,574"
https://archiveofourown.org/works/46341136,English,"1,144",236,16,20,"1,209"
https://archiveofourown.org/works/44803643,English,"18,849",97,36,11,"1,591"
https://archiveofourown.org/works/45967144,English,"12,441",116,39,12,"1,841"
https://archiveofourown.org/works/45953287,English,"19,212",324,164,27,"6,315"
https://archiveofourown.org/works/46326508,English,"3,227",26,2,0,120
https://archiveofourown.org/works/46295896,English,768,13,4,1,281
https://archiveofourown.org/works/46295437,English,"4,170",105,4,8,"1,363"
https://archiveofourown.org/works/45984499,English,"18,145",57,10,6,911
https://archiveofourown.org/works/46286233,English,369,23,4,1,223
https://archiveofourown.org/works/46227298,English,"1,395",37,6,1,309
https://archiveofourown.org/works/46227922,English,"2,898",219,37,25,"1,094"
https://archiveofourown.org/works/46225762,English,"1,709",111,17,10,770
https://archiveofourown.org/works/46191514,English,"1,029",95,23,4,778
https://archiveofourown.org/works/46099660,English,"4,693",38,8,2,"1,049"
https://archiveofourown.org/works/46179229,English,"3,627",27,3,3,113
https://archiveofourown.org/works/45689383,English,"6,014",32,6,2,690
https://archiveofourown.org/works/46128898,English,"2,038",84,9,5,681
https://archiveofourown.org/works/45433495,English,"11,763",93,37,21,"1,159"
https://archiveofourown.org/works/46120477,English,"2,240",233,31,16,"1,621"
https://archiveofourown.org/works/46117258,English,"2,730",309,42,30,"1,861"
https://archiveofourown.org/works/46114156,English,"2,913",68,9,4,"1,604"
https://archiveofourown.org/works/46093663,English,"1,551",138,14,13,716
https://archiveofourown.org/works/46092328,English,"2,670",231,21,33,"1,213"
https://archiveofourown.org/works/46056208,English,"1,219",117,8,6,762
https://archiveofourown.org/works/45937120,English,"2,301",51,3,2,377
https://archiveofourown.org/works/45908236,English,"2,622",106,2,5,"1,427"
https://archiveofourown.org/works/46030216,English,"1,101",87,24,6,549
https://archiveofourown.org/works/45705571,English,"1,400",68,5,4,738
https://archiveofourown.org/works/46027813,English,"2,321",13,3,0,128
https://archiveofourown.org/works/45997003,English,"8,339",244,33,48,"1,388"
https://archiveofourown.org/works/45996211,English,"1,913",193,11,21,970
https://archiveofourown.org/works/45996049,English,"4,888",53,2,6,439
https://archiveofourown.org/works/45878509,English,"3,335",134,7,9,"1,116"
https://archiveofourown.org/works/45960052,English,"5,397",84,17,8,469
https://archiveofourown.org/works/45961612,English,"2,015",71,21,6,403
https://archiveofourown.org/works/45961165,English,"5,018",181,6,27,"1,190"
https://archiveofourown.org/works/45953320,English,"2,630",81,1,3,678
https://archiveofourown.org/works/45953092,English,"5,019",14,3,2,155
https://archiveofourown.org/works/45779782,English,"3,220",76,20,11,625
https://archiveofourown.org/works/45950230,English,"1,296",115,12,9,780
https://archiveofourown.org/works/45950098,English,"1,527",35,0,0,315
https://archiveofourown.org/works/45929959,English,"1,860",268,24,22,"1,556"
https://archiveofourown.org/works/45657259,English,"31,919",335,174,36,"5,691"
https://archiveofourown.org/works/45927412,English,"1,282",143,14,5,712
https://archiveofourown.org/works/45925663,English,"1,964",137,10,14,"1,218"
https://archiveofourown.org/works/45912121,English,"2,161",127,14,6,645
https://archiveofourown.org/works/45911998,English,"1,085",100,6,8,804
https://archiveofourown.org/works/45911911,English,444,103,5,3,682
https://archiveofourown.org/works/45897112,English,"1,384",74,1,7,634
https://archiveofourown.org/works/45892684,English,"4,054",79,10,6,382
https://archiveofourown.org/works/45894358,English,"1,088",94,2,3,655
https://archiveofourown.org/works/45894163,English,"2,869",266,34,12,"1,616"
https://archiveofourown.org/works/45892138,English,"3,893",84,7,10,"1,311"
https://archiveofourown.org/works/45856504,English,"2,287",47,1,3,449
https://archiveofourown.org/works/45853579,English,"1,691",23,0,3,228
https://archiveofourown.org/works/45851230,English,"1,446",82,28,6,502
https://archiveofourown.org/works/45849280,English,"3,405",140,27,19,713
https://archiveofourown.org/works/45810253,English,"1,926",353,28,29,"2,466"
https://archiveofourown.org/works/45653299,English,"11,399",381,95,45,"3,560"
https://archiveofourown.org/works/45603859,English,"11,746",390,117,54,"7,421"
https://archiveofourown.org/works/45746728,English,"2,355",113,4,7,920
https://archiveofourown.org/works/45745054,English,"2,883",55,8,4,235
https://archiveofourown.org/works/45745150,English,"12,752",67,13,15,623
https://archiveofourown.org/works/45742834,English,"2,774",44,2,4,229
https://archiveofourown.org/works/45692212,English,"2,556",120,12,11,709
https://archiveofourown.org/works/45691075,English,"2,846",166,12,13,"1,393"
https://archiveofourown.org/works/45689869,Русский,872,2,0,0,14
https://archiveofourown.org/works/45639625,English,"1,543",154,8,12,"1,247"
https://archiveofourown.org/works/45633973,English,"7,335",275,30,33,"2,608"
https://archiveofourown.org/works/45410845,English,"3,029",46,11,7,474
https://archiveofourown.org/works/45585871,English,619,28,6,0,193
https://archiveofourown.org/works/45089905,English,"7,290",296,63,53,"2,471"
https://archiveofourown.org/works/45568510,English,"3,456",167,17,14,"1,394"
https://archiveofourown.org/works/45581857,English,"1,386",11,0,0,189
https://archiveofourown.org/works/45552913,English,744,194,7,11,"1,167"
https://archiveofourown.org/works/45552436,English,"1,813",187,5,9,"1,597"
https://archiveofourown.org/works/45550276,English,"3,674",212,13,15,"2,230"
https://archiveofourown.org/works/45515191,English,"2,014",108,9,12,737
https://archiveofourown.org/works/45514036,English,"2,555",112,8,14,875
https://archiveofourown.org/works/45484000,English,"3,317",191,12,23,"1,299"
https://archiveofourown.org/works/45481588,English,343,35,0,3,270
https://archiveofourown.org/works/45480853,English,"4,613",267,18,34,"3,542"
https://archiveofourown.org/works/45477412,English,"1,365",47,4,3,271
https://archiveofourown.org/works/45433192,English,443,67,6,5,547
https://archiveofourown.org/works/45409813,English,"2,198",135,6,10,"2,714"
https://archiveofourown.org/works/45429940,English,"4,991",453,23,48,"2,938"
https://archiveofourown.org/works/45388645,English,"1,469",98,6,8,"1,450"
https://archiveofourown.org/works/45385342,English,"8,364",133,14,13,"2,854"
https://archiveofourown.org/works/45276019,English,"9,449",390,66,62,"3,000"
https://archiveofourown.org/works/45350554,English,977,67,0,3,702
https://archiveofourown.org/works/45350095,English,"1,986",67,11,11,367
https://archiveofourown.org/works/45346141,English,"1,415",202,18,15,"1,611"
https://archiveofourown.org/works/45261820,English,"3,936",30,14,6,412
https://archiveofourown.org/works/45305773,English,"1,609",62,3,8,628
https://archiveofourown.org/works/45301822,English,"2,779",329,24,46,"2,259"
https://archiveofourown.org/works/44863678,English,"10,290","1,226",231,218,"10,141"
https://archiveofourown.org/works/45203569,English,0,10,2,0,215
https://archiveofourown.org/works/45199969,English,"3,075",307,30,30,"2,238"
https://archiveofourown.org/works/45164260,English,352,15,2,0,166
https://archiveofourown.org/works/45163615,English,"1,143",139,2,14,"1,106"
https://archiveofourown.org/works/45160414,English,"3,476",336,30,45,"2,178"
https://archiveofourown.org/works/45158929,English,"4,144",567,18,65,"3,025"
https://archiveofourown.org/works/45157360,English,869,63,4,10,384
https://archiveofourown.org/works/44850031,English,"17,291",985,206,115,"14,508"
https://archiveofourown.org/works/45116185,English,"1,655",561,44,71,"4,011"
https://archiveofourown.org/works/45112600,English,"5,053",108,20,19,909
https://archiveofourown.org/works/45111796,English,"34,828",162,48,21,"1,879"
https://archiveofourown.org/works/30891377,English,"6,930",116,34,9,"1,079"
https://archiveofourown.org/works/45034421,English,"2,805",68,2,4,599
https://archiveofourown.org/works/45040081,English,355,232,7,13,"1,795"
https://archiveofourown.org/works/44973634,English,"5,490",169,13,27,"1,202"
https://archiveofourown.org/works/44967292,English,966,42,0,3,806
https://archiveofourown.org/works/44953672,English,"2,928",70,7,10,509
https://archiveofourown.org/works/44948692,English,"1,205",155,2,6,"2,516"
https://archiveofourown.org/works/44886472,English,"2,808",447,12,44,"3,537"
https://archiveofourown.org/works/44882212,English,"5,549",64,6,8,536
https://archiveofourown.org/works/44881549,English,"1,190",36,3,2,291
https://archiveofourown.org/works/44878681,English,"1,603",230,20,17,"2,106"
https://archiveofourown.org/works/44681728,English,"4,658",37,2,3,822
https://archiveofourown.org/works/44798203,English,"1,168",151,13,10,"1,140"
https://archiveofourown.org/works/44795302,English,639,262,12,14,"3,173"
https://archiveofourown.org/works/44678002,English,"2,266",299,13,35,"5,085"
https://archiveofourown.org/works/44665540,English,"2,123",336,54,25,"3,562"
https://archiveofourown.org/works/44693524,English,"4,048",66,15,1,"2,665"
https://archiveofourown.org/works/44690743,English,"1,372",431,16,39,"3,381"
https://archiveofourown.org/works/44503669,English,530,34,5,1,436
https://archiveofourown.org/works/44408626,English,"1,417",192,10,18,"2,832"
https://archiveofourown.org/works/44400694,English,731,86,3,12,949
https://archiveofourown.org/works/44365036,English,"1,505",232,27,12,"1,635"
https://archiveofourown.org/works/43845204,English,"2,210",96,4,4,"1,055"
https://archiveofourown.org/works/43844863,English,"1,381",83,4,7,"1,074"
https://archiveofourown.org/works/43838622,English,"2,325",103,8,8,837
https://archiveofourown.org/works/42804060,English,"1,145",39,9,3,472
https://archiveofourown.org/works/42673851,Українська,"8,000",12,21,1,120
https://archiveofourown.org/works/42733362,English,"2,832",179,19,19,"1,012"
https://archiveofourown.org/works/42698055,English,"5,383",11,6,0,95
https://archiveofourown.org/works/40049298,Українська,"2,049",16,10,0,55
https://archiveofourown.org/works/39724113,Українська,"1,579",35,26,1,263
https://archiveofourown.org/works/39644610,English,"5,945",69,6,12,587
https://archiveofourown.org/works/39371013,English,"1,330",113,17,9,976
https://archiveofourown.org/works/37044562,English,"2,036",14,8,1,118
https://archiveofourown.org/works/35961451,English,"1,252",98,4,5,"3,388"
https://archiveofourown.org/works/33994177,English,570,19,1,1,385
https://archiveofourown.org/works/33828766,English,"2,090",42,6,4,620
https://archiveofourown.org/works/33632479,English,"1,918",36,4,1,"2,821"
https://archiveofourown.org/works/33673495,English,"2,784",94,8,8,608
https://archiveofourown.org/works/32400166,English,233,11,9,1,89
https://archiveofourown.org/works/25455178,English,"5,186",18,11,1,658
https://archiveofourown.org/works/32090698,English,"3,752",13,0,2,177
https://archiveofourown.org/works/21889033,English,"11,708",211,28,16,"2,600"
https://archiveofourown.org/works/31227620,English,"74,293",19,3,1,388
https://archiveofourown.org/works/28327506,English,"2,457",42,0,3,327
https://archiveofourown.org/works/28325595,English,"2,239",128,3,11,916
https://archiveofourown.org/works/28318842,English,"1,365",56,5,6,404
https://archiveofourown.org/works/27524713,English,"7,598",59,10,4,"1,274"
https://archiveofourown.org/works/19069897,English,"33,175",415,139,62,"5,081"
https://archiveofourown.org/works/27405940,English,"1,951",533,47,54,"4,500"
https://archiveofourown.org/works/27289444,English,926,770,28,70,"4,582"
https://archiveofourown.org/works/17711312,English,"51,587",41,7,10,"1,635"
https://archiveofourown.org/works/25885441,English,"1,300",23,2,2,495
https://archiveofourown.org/works/25940761,English,"2,337",103,18,13,778
https://archiveofourown.org/works/25940392,English,"10,662",25,8,0,780
https://archiveofourown.org/works/25148770,English,"1,397",99,9,5,910
https://archiveofourown.org/works/24993562,English,"4,189",36,2,5,494
https://archiveofourown.org/works/23971717,English,"1,103",114,9,4,"1,841"
https://archiveofourown.org/works/23957722,English,"1,705",218,16,22,"1,761"
https://archiveofourown.org/works/23740597,English,"1,626",143,14,6,"1,249"
https://archiveofourown.org/works/23654395,English,236,29,0,3,273
https://archiveofourown.org/works/22699609,English,"1,593",276,23,27,"2,070"
https://archiveofourown.org/works/22640254,English,"6,226",24,2,0,"2,775"
https://archiveofourown.org/works/22639894,English,"1,654",73,8,6,576
https://archiveofourown.org/works/22530301,English,"1,126",31,5,2,201
https://archiveofourown.org/works/21514015,English,"1,091",10,0,0,309
https://archiveofourown.org/works/12107301,English,"17,501",665,49,93,"8,779"
https://archiveofourown.org/works/20085940,English,"1,921",105,0,5,"1,568"
https://archiveofourown.org/works/20048701,English,"1,672",98,1,10,"1,404"
https://archiveofourown.org/works/19939318,English,"6,098",68,12,8,488
https://archiveofourown.org/works/17745068,English,"2,071",80,12,5,"1,111"
https://archiveofourown.org/works/17239847,English,"2,609",137,4,12,"1,324"
https://archiveofourown.org/works/17174525,English,"1,436",41,8,7,299
https://archiveofourown.org/works/17118065,English,"2,075",130,15,5,"1,194"
https://archiveofourown.org/works/17042135,English,"1,637",39,3,2,409
https://archiveofourown.org/works/15931664,English,"3,571",470,27,36,"9,633"
https://archiveofourown.org/works/17183273,English,"8,507",31,14,2,632
https://archiveofourown.org/works/15260967,English,935,13,0,0,284
https://archiveofourown.org/works/15260895,English,"4,717",39,4,4,"1,727"
https://archiveofourown.org/works/15260841,English,"1,219",116,12,7,"2,045"
https://archiveofourown.org/works/15260751,English,"1,098",113,8,4,"1,268"
https://archiveofourown.org/works/14137068,English,"3,421",129,12,5,"2,005"
https://archiveofourown.org/works/14131158,English,590,53,6,3,327
https://archiveofourown.org/works/13906929,English,"1,214",145,8,4,"2,489"
https://archiveofourown.org/works/13882539,English,960,110,5,7,"1,279"
https://archiveofourown.org/works/12171450,English,"1,445",79,16,4,887
https://archiveofourown.org/works/12174075,English,"1,057",50,7,1,406
https://archiveofourown.org/works/12130890,English,"9,573",336,40,30,"3,823"
https://archiveofourown.org/works/12130383,English,"1,002",190,12,12,"2,823"
https://archiveofourown.org/works/10655598,English,"2,277",38,3,1,756
https://archiveofourown.org/works/10543762,English,"5,827",25,0,2,377
https://archiveofourown.org/works/10333154,English,"5,681",559,30,67,"7,129"
https://archiveofourown.org/works/10321988,English,442,22,5,1,150
https://archiveofourown.org/works/8107966,English,"1,882",91,12,8,764
https://archiveofourown.org/works/7898905,English,"1,665",19,4,0,247
https://archiveofourown.org/works/7849768,English,"3,917",37,13,5,403
https://archiveofourown.org/works/5443742,English,"9,196",45,11,5,809
https://archiveofourown.org/works/4858055,English,"4,604",624,23,77,"6,219"
